# range	version	satisfies — generated by node-semver 7.8.5
24	0.0.0	false
24	0.0.3	false
24	0.0.4	false
24	0.1.0	false
24	0.2.9	false
24	0.9.0	false
24	1.0.0	false
24	1.0.0-rc.1	false
24	1.2.0	false
24	1.2.2	false
24	1.2.3	false
24	1.2.3-alpha.7	false
24	1.2.3-beta	false
24	1.2.3-beta.1	false
24	1.2.3-beta.2	false
24	1.2.3-beta.4	false
24	1.2.3-rc.1	false
24	1.2.4-beta.2	false
24	1.2.7	false
24	1.2.8	false
24	1.3.0	false
24	1.3.0-0	false
24	1.4.6	false
24	1.9.0	false
24	2.0.0	false
24	2.0.0-0	false
24	2.3.4	false
24	2.3.4-rc	false
24	2.3.5	false
24	2.9.9	false
24	3.0.0	false
24	3.4.5-alpha.9	false
24	4.6.5	false
24	5.0.0	false
24	22.12.0	false
24	22.20.1	false
24	24.0.0	true
24	24.0.5	true
24	24.1.2	true
24	24.1.9	true
24	24.2.0	true
24	24.20.0	true
24	25.0.0	false
24	file:vendor/a	false
24	9007199254740991.0.0	false
=24	0.0.0	false
=24	0.0.3	false
=24	0.0.4	false
=24	0.1.0	false
=24	0.2.9	false
=24	0.9.0	false
=24	1.0.0	false
=24	1.0.0-rc.1	false
=24	1.2.0	false
=24	1.2.2	false
=24	1.2.3	false
=24	1.2.3-alpha.7	false
=24	1.2.3-beta	false
=24	1.2.3-beta.1	false
=24	1.2.3-beta.2	false
=24	1.2.3-beta.4	false
=24	1.2.3-rc.1	false
=24	1.2.4-beta.2	false
=24	1.2.7	false
=24	1.2.8	false
=24	1.3.0	false
=24	1.3.0-0	false
=24	1.4.6	false
=24	1.9.0	false
=24	2.0.0	false
=24	2.0.0-0	false
=24	2.3.4	false
=24	2.3.4-rc	false
=24	2.3.5	false
=24	2.9.9	false
=24	3.0.0	false
=24	3.4.5-alpha.9	false
=24	4.6.5	false
=24	5.0.0	false
=24	22.12.0	false
=24	22.20.1	false
=24	24.0.0	true
=24	24.0.5	true
=24	24.1.2	true
=24	24.1.9	true
=24	24.2.0	true
=24	24.20.0	true
=24	25.0.0	false
=24	file:vendor/a	false
=24	9007199254740991.0.0	false
24.1	0.0.0	false
24.1	0.0.3	false
24.1	0.0.4	false
24.1	0.1.0	false
24.1	0.2.9	false
24.1	0.9.0	false
24.1	1.0.0	false
24.1	1.0.0-rc.1	false
24.1	1.2.0	false
24.1	1.2.2	false
24.1	1.2.3	false
24.1	1.2.3-alpha.7	false
24.1	1.2.3-beta	false
24.1	1.2.3-beta.1	false
24.1	1.2.3-beta.2	false
24.1	1.2.3-beta.4	false
24.1	1.2.3-rc.1	false
24.1	1.2.4-beta.2	false
24.1	1.2.7	false
24.1	1.2.8	false
24.1	1.3.0	false
24.1	1.3.0-0	false
24.1	1.4.6	false
24.1	1.9.0	false
24.1	2.0.0	false
24.1	2.0.0-0	false
24.1	2.3.4	false
24.1	2.3.4-rc	false
24.1	2.3.5	false
24.1	2.9.9	false
24.1	3.0.0	false
24.1	3.4.5-alpha.9	false
24.1	4.6.5	false
24.1	5.0.0	false
24.1	22.12.0	false
24.1	22.20.1	false
24.1	24.0.0	false
24.1	24.0.5	false
24.1	24.1.2	true
24.1	24.1.9	true
24.1	24.2.0	false
24.1	24.20.0	false
24.1	25.0.0	false
24.1	file:vendor/a	false
24.1	9007199254740991.0.0	false
24.1.2	0.0.0	false
24.1.2	0.0.3	false
24.1.2	0.0.4	false
24.1.2	0.1.0	false
24.1.2	0.2.9	false
24.1.2	0.9.0	false
24.1.2	1.0.0	false
24.1.2	1.0.0-rc.1	false
24.1.2	1.2.0	false
24.1.2	1.2.2	false
24.1.2	1.2.3	false
24.1.2	1.2.3-alpha.7	false
24.1.2	1.2.3-beta	false
24.1.2	1.2.3-beta.1	false
24.1.2	1.2.3-beta.2	false
24.1.2	1.2.3-beta.4	false
24.1.2	1.2.3-rc.1	false
24.1.2	1.2.4-beta.2	false
24.1.2	1.2.7	false
24.1.2	1.2.8	false
24.1.2	1.3.0	false
24.1.2	1.3.0-0	false
24.1.2	1.4.6	false
24.1.2	1.9.0	false
24.1.2	2.0.0	false
24.1.2	2.0.0-0	false
24.1.2	2.3.4	false
24.1.2	2.3.4-rc	false
24.1.2	2.3.5	false
24.1.2	2.9.9	false
24.1.2	3.0.0	false
24.1.2	3.4.5-alpha.9	false
24.1.2	4.6.5	false
24.1.2	5.0.0	false
24.1.2	22.12.0	false
24.1.2	22.20.1	false
24.1.2	24.0.0	false
24.1.2	24.0.5	false
24.1.2	24.1.2	true
24.1.2	24.1.9	false
24.1.2	24.2.0	false
24.1.2	24.20.0	false
24.1.2	25.0.0	false
24.1.2	file:vendor/a	false
24.1.2	9007199254740991.0.0	false
v24.1.2	0.0.0	false
v24.1.2	0.0.3	false
v24.1.2	0.0.4	false
v24.1.2	0.1.0	false
v24.1.2	0.2.9	false
v24.1.2	0.9.0	false
v24.1.2	1.0.0	false
v24.1.2	1.0.0-rc.1	false
v24.1.2	1.2.0	false
v24.1.2	1.2.2	false
v24.1.2	1.2.3	false
v24.1.2	1.2.3-alpha.7	false
v24.1.2	1.2.3-beta	false
v24.1.2	1.2.3-beta.1	false
v24.1.2	1.2.3-beta.2	false
v24.1.2	1.2.3-beta.4	false
v24.1.2	1.2.3-rc.1	false
v24.1.2	1.2.4-beta.2	false
v24.1.2	1.2.7	false
v24.1.2	1.2.8	false
v24.1.2	1.3.0	false
v24.1.2	1.3.0-0	false
v24.1.2	1.4.6	false
v24.1.2	1.9.0	false
v24.1.2	2.0.0	false
v24.1.2	2.0.0-0	false
v24.1.2	2.3.4	false
v24.1.2	2.3.4-rc	false
v24.1.2	2.3.5	false
v24.1.2	2.9.9	false
v24.1.2	3.0.0	false
v24.1.2	3.4.5-alpha.9	false
v24.1.2	4.6.5	false
v24.1.2	5.0.0	false
v24.1.2	22.12.0	false
v24.1.2	22.20.1	false
v24.1.2	24.0.0	false
v24.1.2	24.0.5	false
v24.1.2	24.1.2	true
v24.1.2	24.1.9	false
v24.1.2	24.2.0	false
v24.1.2	24.20.0	false
v24.1.2	25.0.0	false
v24.1.2	file:vendor/a	false
v24.1.2	9007199254740991.0.0	false
24.0.x	0.0.0	false
24.0.x	0.0.3	false
24.0.x	0.0.4	false
24.0.x	0.1.0	false
24.0.x	0.2.9	false
24.0.x	0.9.0	false
24.0.x	1.0.0	false
24.0.x	1.0.0-rc.1	false
24.0.x	1.2.0	false
24.0.x	1.2.2	false
24.0.x	1.2.3	false
24.0.x	1.2.3-alpha.7	false
24.0.x	1.2.3-beta	false
24.0.x	1.2.3-beta.1	false
24.0.x	1.2.3-beta.2	false
24.0.x	1.2.3-beta.4	false
24.0.x	1.2.3-rc.1	false
24.0.x	1.2.4-beta.2	false
24.0.x	1.2.7	false
24.0.x	1.2.8	false
24.0.x	1.3.0	false
24.0.x	1.3.0-0	false
24.0.x	1.4.6	false
24.0.x	1.9.0	false
24.0.x	2.0.0	false
24.0.x	2.0.0-0	false
24.0.x	2.3.4	false
24.0.x	2.3.4-rc	false
24.0.x	2.3.5	false
24.0.x	2.9.9	false
24.0.x	3.0.0	false
24.0.x	3.4.5-alpha.9	false
24.0.x	4.6.5	false
24.0.x	5.0.0	false
24.0.x	22.12.0	false
24.0.x	22.20.1	false
24.0.x	24.0.0	true
24.0.x	24.0.5	true
24.0.x	24.1.2	false
24.0.x	24.1.9	false
24.0.x	24.2.0	false
24.0.x	24.20.0	false
24.0.x	25.0.0	false
24.0.x	file:vendor/a	false
24.0.x	9007199254740991.0.0	false
24.0	0.0.0	false
24.0	0.0.3	false
24.0	0.0.4	false
24.0	0.1.0	false
24.0	0.2.9	false
24.0	0.9.0	false
24.0	1.0.0	false
24.0	1.0.0-rc.1	false
24.0	1.2.0	false
24.0	1.2.2	false
24.0	1.2.3	false
24.0	1.2.3-alpha.7	false
24.0	1.2.3-beta	false
24.0	1.2.3-beta.1	false
24.0	1.2.3-beta.2	false
24.0	1.2.3-beta.4	false
24.0	1.2.3-rc.1	false
24.0	1.2.4-beta.2	false
24.0	1.2.7	false
24.0	1.2.8	false
24.0	1.3.0	false
24.0	1.3.0-0	false
24.0	1.4.6	false
24.0	1.9.0	false
24.0	2.0.0	false
24.0	2.0.0-0	false
24.0	2.3.4	false
24.0	2.3.4-rc	false
24.0	2.3.5	false
24.0	2.9.9	false
24.0	3.0.0	false
24.0	3.4.5-alpha.9	false
24.0	4.6.5	false
24.0	5.0.0	false
24.0	22.12.0	false
24.0	22.20.1	false
24.0	24.0.0	true
24.0	24.0.5	true
24.0	24.1.2	false
24.0	24.1.9	false
24.0	24.2.0	false
24.0	24.20.0	false
24.0	25.0.0	false
24.0	file:vendor/a	false
24.0	9007199254740991.0.0	false
0.x	0.0.0	true
0.x	0.0.3	true
0.x	0.0.4	true
0.x	0.1.0	true
0.x	0.2.9	true
0.x	0.9.0	true
0.x	1.0.0	false
0.x	1.0.0-rc.1	false
0.x	1.2.0	false
0.x	1.2.2	false
0.x	1.2.3	false
0.x	1.2.3-alpha.7	false
0.x	1.2.3-beta	false
0.x	1.2.3-beta.1	false
0.x	1.2.3-beta.2	false
0.x	1.2.3-beta.4	false
0.x	1.2.3-rc.1	false
0.x	1.2.4-beta.2	false
0.x	1.2.7	false
0.x	1.2.8	false
0.x	1.3.0	false
0.x	1.3.0-0	false
0.x	1.4.6	false
0.x	1.9.0	false
0.x	2.0.0	false
0.x	2.0.0-0	false
0.x	2.3.4	false
0.x	2.3.4-rc	false
0.x	2.3.5	false
0.x	2.9.9	false
0.x	3.0.0	false
0.x	3.4.5-alpha.9	false
0.x	4.6.5	false
0.x	5.0.0	false
0.x	22.12.0	false
0.x	22.20.1	false
0.x	24.0.0	false
0.x	24.0.5	false
0.x	24.1.2	false
0.x	24.1.9	false
0.x	24.2.0	false
0.x	24.20.0	false
0.x	25.0.0	false
0.x	file:vendor/a	false
0.x	9007199254740991.0.0	false
*	0.0.0	true
*	0.0.3	true
*	0.0.4	true
*	0.1.0	true
*	0.2.9	true
*	0.9.0	true
*	1.0.0	true
*	1.0.0-rc.1	false
*	1.2.0	true
*	1.2.2	true
*	1.2.3	true
*	1.2.3-alpha.7	false
*	1.2.3-beta	false
*	1.2.3-beta.1	false
*	1.2.3-beta.2	false
*	1.2.3-beta.4	false
*	1.2.3-rc.1	false
*	1.2.4-beta.2	false
*	1.2.7	true
*	1.2.8	true
*	1.3.0	true
*	1.3.0-0	false
*	1.4.6	true
*	1.9.0	true
*	2.0.0	true
*	2.0.0-0	false
*	2.3.4	true
*	2.3.4-rc	false
*	2.3.5	true
*	2.9.9	true
*	3.0.0	true
*	3.4.5-alpha.9	false
*	4.6.5	true
*	5.0.0	true
*	22.12.0	true
*	22.20.1	true
*	24.0.0	true
*	24.0.5	true
*	24.1.2	true
*	24.1.9	true
*	24.2.0	true
*	24.20.0	true
*	25.0.0	true
*	file:vendor/a	false
*	9007199254740991.0.0	true
x	0.0.0	true
x	0.0.3	true
x	0.0.4	true
x	0.1.0	true
x	0.2.9	true
x	0.9.0	true
x	1.0.0	true
x	1.0.0-rc.1	false
x	1.2.0	true
x	1.2.2	true
x	1.2.3	true
x	1.2.3-alpha.7	false
x	1.2.3-beta	false
x	1.2.3-beta.1	false
x	1.2.3-beta.2	false
x	1.2.3-beta.4	false
x	1.2.3-rc.1	false
x	1.2.4-beta.2	false
x	1.2.7	true
x	1.2.8	true
x	1.3.0	true
x	1.3.0-0	false
x	1.4.6	true
x	1.9.0	true
x	2.0.0	true
x	2.0.0-0	false
x	2.3.4	true
x	2.3.4-rc	false
x	2.3.5	true
x	2.9.9	true
x	3.0.0	true
x	3.4.5-alpha.9	false
x	4.6.5	true
x	5.0.0	true
x	22.12.0	true
x	22.20.1	true
x	24.0.0	true
x	24.0.5	true
x	24.1.2	true
x	24.1.9	true
x	24.2.0	true
x	24.20.0	true
x	25.0.0	true
x	file:vendor/a	false
x	9007199254740991.0.0	true
24.x.x	0.0.0	false
24.x.x	0.0.3	false
24.x.x	0.0.4	false
24.x.x	0.1.0	false
24.x.x	0.2.9	false
24.x.x	0.9.0	false
24.x.x	1.0.0	false
24.x.x	1.0.0-rc.1	false
24.x.x	1.2.0	false
24.x.x	1.2.2	false
24.x.x	1.2.3	false
24.x.x	1.2.3-alpha.7	false
24.x.x	1.2.3-beta	false
24.x.x	1.2.3-beta.1	false
24.x.x	1.2.3-beta.2	false
24.x.x	1.2.3-beta.4	false
24.x.x	1.2.3-rc.1	false
24.x.x	1.2.4-beta.2	false
24.x.x	1.2.7	false
24.x.x	1.2.8	false
24.x.x	1.3.0	false
24.x.x	1.3.0-0	false
24.x.x	1.4.6	false
24.x.x	1.9.0	false
24.x.x	2.0.0	false
24.x.x	2.0.0-0	false
24.x.x	2.3.4	false
24.x.x	2.3.4-rc	false
24.x.x	2.3.5	false
24.x.x	2.9.9	false
24.x.x	3.0.0	false
24.x.x	3.4.5-alpha.9	false
24.x.x	4.6.5	false
24.x.x	5.0.0	false
24.x.x	22.12.0	false
24.x.x	22.20.1	false
24.x.x	24.0.0	true
24.x.x	24.0.5	true
24.x.x	24.1.2	true
24.x.x	24.1.9	true
24.x.x	24.2.0	true
24.x.x	24.20.0	true
24.x.x	25.0.0	false
24.x.x	file:vendor/a	false
24.x.x	9007199254740991.0.0	false
24.X	0.0.0	false
24.X	0.0.3	false
24.X	0.0.4	false
24.X	0.1.0	false
24.X	0.2.9	false
24.X	0.9.0	false
24.X	1.0.0	false
24.X	1.0.0-rc.1	false
24.X	1.2.0	false
24.X	1.2.2	false
24.X	1.2.3	false
24.X	1.2.3-alpha.7	false
24.X	1.2.3-beta	false
24.X	1.2.3-beta.1	false
24.X	1.2.3-beta.2	false
24.X	1.2.3-beta.4	false
24.X	1.2.3-rc.1	false
24.X	1.2.4-beta.2	false
24.X	1.2.7	false
24.X	1.2.8	false
24.X	1.3.0	false
24.X	1.3.0-0	false
24.X	1.4.6	false
24.X	1.9.0	false
24.X	2.0.0	false
24.X	2.0.0-0	false
24.X	2.3.4	false
24.X	2.3.4-rc	false
24.X	2.3.5	false
24.X	2.9.9	false
24.X	3.0.0	false
24.X	3.4.5-alpha.9	false
24.X	4.6.5	false
24.X	5.0.0	false
24.X	22.12.0	false
24.X	22.20.1	false
24.X	24.0.0	true
24.X	24.0.5	true
24.X	24.1.2	true
24.X	24.1.9	true
24.X	24.2.0	true
24.X	24.20.0	true
24.X	25.0.0	false
24.X	file:vendor/a	false
24.X	9007199254740991.0.0	false
24.*	0.0.0	false
24.*	0.0.3	false
24.*	0.0.4	false
24.*	0.1.0	false
24.*	0.2.9	false
24.*	0.9.0	false
24.*	1.0.0	false
24.*	1.0.0-rc.1	false
24.*	1.2.0	false
24.*	1.2.2	false
24.*	1.2.3	false
24.*	1.2.3-alpha.7	false
24.*	1.2.3-beta	false
24.*	1.2.3-beta.1	false
24.*	1.2.3-beta.2	false
24.*	1.2.3-beta.4	false
24.*	1.2.3-rc.1	false
24.*	1.2.4-beta.2	false
24.*	1.2.7	false
24.*	1.2.8	false
24.*	1.3.0	false
24.*	1.3.0-0	false
24.*	1.4.6	false
24.*	1.9.0	false
24.*	2.0.0	false
24.*	2.0.0-0	false
24.*	2.3.4	false
24.*	2.3.4-rc	false
24.*	2.3.5	false
24.*	2.9.9	false
24.*	3.0.0	false
24.*	3.4.5-alpha.9	false
24.*	4.6.5	false
24.*	5.0.0	false
24.*	22.12.0	false
24.*	22.20.1	false
24.*	24.0.0	true
24.*	24.0.5	true
24.*	24.1.2	true
24.*	24.1.9	true
24.*	24.2.0	true
24.*	24.20.0	true
24.*	25.0.0	false
24.*	file:vendor/a	false
24.*	9007199254740991.0.0	false
>24	0.0.0	false
>24	0.0.3	false
>24	0.0.4	false
>24	0.1.0	false
>24	0.2.9	false
>24	0.9.0	false
>24	1.0.0	false
>24	1.0.0-rc.1	false
>24	1.2.0	false
>24	1.2.2	false
>24	1.2.3	false
>24	1.2.3-alpha.7	false
>24	1.2.3-beta	false
>24	1.2.3-beta.1	false
>24	1.2.3-beta.2	false
>24	1.2.3-beta.4	false
>24	1.2.3-rc.1	false
>24	1.2.4-beta.2	false
>24	1.2.7	false
>24	1.2.8	false
>24	1.3.0	false
>24	1.3.0-0	false
>24	1.4.6	false
>24	1.9.0	false
>24	2.0.0	false
>24	2.0.0-0	false
>24	2.3.4	false
>24	2.3.4-rc	false
>24	2.3.5	false
>24	2.9.9	false
>24	3.0.0	false
>24	3.4.5-alpha.9	false
>24	4.6.5	false
>24	5.0.0	false
>24	22.12.0	false
>24	22.20.1	false
>24	24.0.0	false
>24	24.0.5	false
>24	24.1.2	false
>24	24.1.9	false
>24	24.2.0	false
>24	24.20.0	false
>24	25.0.0	true
>24	file:vendor/a	false
>24	9007199254740991.0.0	true
>24.1	0.0.0	false
>24.1	0.0.3	false
>24.1	0.0.4	false
>24.1	0.1.0	false
>24.1	0.2.9	false
>24.1	0.9.0	false
>24.1	1.0.0	false
>24.1	1.0.0-rc.1	false
>24.1	1.2.0	false
>24.1	1.2.2	false
>24.1	1.2.3	false
>24.1	1.2.3-alpha.7	false
>24.1	1.2.3-beta	false
>24.1	1.2.3-beta.1	false
>24.1	1.2.3-beta.2	false
>24.1	1.2.3-beta.4	false
>24.1	1.2.3-rc.1	false
>24.1	1.2.4-beta.2	false
>24.1	1.2.7	false
>24.1	1.2.8	false
>24.1	1.3.0	false
>24.1	1.3.0-0	false
>24.1	1.4.6	false
>24.1	1.9.0	false
>24.1	2.0.0	false
>24.1	2.0.0-0	false
>24.1	2.3.4	false
>24.1	2.3.4-rc	false
>24.1	2.3.5	false
>24.1	2.9.9	false
>24.1	3.0.0	false
>24.1	3.4.5-alpha.9	false
>24.1	4.6.5	false
>24.1	5.0.0	false
>24.1	22.12.0	false
>24.1	22.20.1	false
>24.1	24.0.0	false
>24.1	24.0.5	false
>24.1	24.1.2	false
>24.1	24.1.9	false
>24.1	24.2.0	true
>24.1	24.20.0	true
>24.1	25.0.0	true
>24.1	file:vendor/a	false
>24.1	9007199254740991.0.0	true
>24.1.2	0.0.0	false
>24.1.2	0.0.3	false
>24.1.2	0.0.4	false
>24.1.2	0.1.0	false
>24.1.2	0.2.9	false
>24.1.2	0.9.0	false
>24.1.2	1.0.0	false
>24.1.2	1.0.0-rc.1	false
>24.1.2	1.2.0	false
>24.1.2	1.2.2	false
>24.1.2	1.2.3	false
>24.1.2	1.2.3-alpha.7	false
>24.1.2	1.2.3-beta	false
>24.1.2	1.2.3-beta.1	false
>24.1.2	1.2.3-beta.2	false
>24.1.2	1.2.3-beta.4	false
>24.1.2	1.2.3-rc.1	false
>24.1.2	1.2.4-beta.2	false
>24.1.2	1.2.7	false
>24.1.2	1.2.8	false
>24.1.2	1.3.0	false
>24.1.2	1.3.0-0	false
>24.1.2	1.4.6	false
>24.1.2	1.9.0	false
>24.1.2	2.0.0	false
>24.1.2	2.0.0-0	false
>24.1.2	2.3.4	false
>24.1.2	2.3.4-rc	false
>24.1.2	2.3.5	false
>24.1.2	2.9.9	false
>24.1.2	3.0.0	false
>24.1.2	3.4.5-alpha.9	false
>24.1.2	4.6.5	false
>24.1.2	5.0.0	false
>24.1.2	22.12.0	false
>24.1.2	22.20.1	false
>24.1.2	24.0.0	false
>24.1.2	24.0.5	false
>24.1.2	24.1.2	false
>24.1.2	24.1.9	true
>24.1.2	24.2.0	true
>24.1.2	24.20.0	true
>24.1.2	25.0.0	true
>24.1.2	file:vendor/a	false
>24.1.2	9007199254740991.0.0	true
>=24.1	0.0.0	false
>=24.1	0.0.3	false
>=24.1	0.0.4	false
>=24.1	0.1.0	false
>=24.1	0.2.9	false
>=24.1	0.9.0	false
>=24.1	1.0.0	false
>=24.1	1.0.0-rc.1	false
>=24.1	1.2.0	false
>=24.1	1.2.2	false
>=24.1	1.2.3	false
>=24.1	1.2.3-alpha.7	false
>=24.1	1.2.3-beta	false
>=24.1	1.2.3-beta.1	false
>=24.1	1.2.3-beta.2	false
>=24.1	1.2.3-beta.4	false
>=24.1	1.2.3-rc.1	false
>=24.1	1.2.4-beta.2	false
>=24.1	1.2.7	false
>=24.1	1.2.8	false
>=24.1	1.3.0	false
>=24.1	1.3.0-0	false
>=24.1	1.4.6	false
>=24.1	1.9.0	false
>=24.1	2.0.0	false
>=24.1	2.0.0-0	false
>=24.1	2.3.4	false
>=24.1	2.3.4-rc	false
>=24.1	2.3.5	false
>=24.1	2.9.9	false
>=24.1	3.0.0	false
>=24.1	3.4.5-alpha.9	false
>=24.1	4.6.5	false
>=24.1	5.0.0	false
>=24.1	22.12.0	false
>=24.1	22.20.1	false
>=24.1	24.0.0	false
>=24.1	24.0.5	false
>=24.1	24.1.2	true
>=24.1	24.1.9	true
>=24.1	24.2.0	true
>=24.1	24.20.0	true
>=24.1	25.0.0	true
>=24.1	file:vendor/a	false
>=24.1	9007199254740991.0.0	true
<24.1	0.0.0	true
<24.1	0.0.3	true
<24.1	0.0.4	true
<24.1	0.1.0	true
<24.1	0.2.9	true
<24.1	0.9.0	true
<24.1	1.0.0	true
<24.1	1.0.0-rc.1	false
<24.1	1.2.0	true
<24.1	1.2.2	true
<24.1	1.2.3	true
<24.1	1.2.3-alpha.7	false
<24.1	1.2.3-beta	false
<24.1	1.2.3-beta.1	false
<24.1	1.2.3-beta.2	false
<24.1	1.2.3-beta.4	false
<24.1	1.2.3-rc.1	false
<24.1	1.2.4-beta.2	false
<24.1	1.2.7	true
<24.1	1.2.8	true
<24.1	1.3.0	true
<24.1	1.3.0-0	false
<24.1	1.4.6	true
<24.1	1.9.0	true
<24.1	2.0.0	true
<24.1	2.0.0-0	false
<24.1	2.3.4	true
<24.1	2.3.4-rc	false
<24.1	2.3.5	true
<24.1	2.9.9	true
<24.1	3.0.0	true
<24.1	3.4.5-alpha.9	false
<24.1	4.6.5	true
<24.1	5.0.0	true
<24.1	22.12.0	true
<24.1	22.20.1	true
<24.1	24.0.0	true
<24.1	24.0.5	true
<24.1	24.1.2	false
<24.1	24.1.9	false
<24.1	24.2.0	false
<24.1	24.20.0	false
<24.1	25.0.0	false
<24.1	file:vendor/a	false
<24.1	9007199254740991.0.0	false
<=24.1	0.0.0	true
<=24.1	0.0.3	true
<=24.1	0.0.4	true
<=24.1	0.1.0	true
<=24.1	0.2.9	true
<=24.1	0.9.0	true
<=24.1	1.0.0	true
<=24.1	1.0.0-rc.1	false
<=24.1	1.2.0	true
<=24.1	1.2.2	true
<=24.1	1.2.3	true
<=24.1	1.2.3-alpha.7	false
<=24.1	1.2.3-beta	false
<=24.1	1.2.3-beta.1	false
<=24.1	1.2.3-beta.2	false
<=24.1	1.2.3-beta.4	false
<=24.1	1.2.3-rc.1	false
<=24.1	1.2.4-beta.2	false
<=24.1	1.2.7	true
<=24.1	1.2.8	true
<=24.1	1.3.0	true
<=24.1	1.3.0-0	false
<=24.1	1.4.6	true
<=24.1	1.9.0	true
<=24.1	2.0.0	true
<=24.1	2.0.0-0	false
<=24.1	2.3.4	true
<=24.1	2.3.4-rc	false
<=24.1	2.3.5	true
<=24.1	2.9.9	true
<=24.1	3.0.0	true
<=24.1	3.4.5-alpha.9	false
<=24.1	4.6.5	true
<=24.1	5.0.0	true
<=24.1	22.12.0	true
<=24.1	22.20.1	true
<=24.1	24.0.0	true
<=24.1	24.0.5	true
<=24.1	24.1.2	true
<=24.1	24.1.9	true
<=24.1	24.2.0	false
<=24.1	24.20.0	false
<=24.1	25.0.0	false
<=24.1	file:vendor/a	false
<=24.1	9007199254740991.0.0	false
<=24	0.0.0	true
<=24	0.0.3	true
<=24	0.0.4	true
<=24	0.1.0	true
<=24	0.2.9	true
<=24	0.9.0	true
<=24	1.0.0	true
<=24	1.0.0-rc.1	false
<=24	1.2.0	true
<=24	1.2.2	true
<=24	1.2.3	true
<=24	1.2.3-alpha.7	false
<=24	1.2.3-beta	false
<=24	1.2.3-beta.1	false
<=24	1.2.3-beta.2	false
<=24	1.2.3-beta.4	false
<=24	1.2.3-rc.1	false
<=24	1.2.4-beta.2	false
<=24	1.2.7	true
<=24	1.2.8	true
<=24	1.3.0	true
<=24	1.3.0-0	false
<=24	1.4.6	true
<=24	1.9.0	true
<=24	2.0.0	true
<=24	2.0.0-0	false
<=24	2.3.4	true
<=24	2.3.4-rc	false
<=24	2.3.5	true
<=24	2.9.9	true
<=24	3.0.0	true
<=24	3.4.5-alpha.9	false
<=24	4.6.5	true
<=24	5.0.0	true
<=24	22.12.0	true
<=24	22.20.1	true
<=24	24.0.0	true
<=24	24.0.5	true
<=24	24.1.2	true
<=24	24.1.9	true
<=24	24.2.0	true
<=24	24.20.0	true
<=24	25.0.0	false
<=24	file:vendor/a	false
<=24	9007199254740991.0.0	false
<=24.1.2	0.0.0	true
<=24.1.2	0.0.3	true
<=24.1.2	0.0.4	true
<=24.1.2	0.1.0	true
<=24.1.2	0.2.9	true
<=24.1.2	0.9.0	true
<=24.1.2	1.0.0	true
<=24.1.2	1.0.0-rc.1	false
<=24.1.2	1.2.0	true
<=24.1.2	1.2.2	true
<=24.1.2	1.2.3	true
<=24.1.2	1.2.3-alpha.7	false
<=24.1.2	1.2.3-beta	false
<=24.1.2	1.2.3-beta.1	false
<=24.1.2	1.2.3-beta.2	false
<=24.1.2	1.2.3-beta.4	false
<=24.1.2	1.2.3-rc.1	false
<=24.1.2	1.2.4-beta.2	false
<=24.1.2	1.2.7	true
<=24.1.2	1.2.8	true
<=24.1.2	1.3.0	true
<=24.1.2	1.3.0-0	false
<=24.1.2	1.4.6	true
<=24.1.2	1.9.0	true
<=24.1.2	2.0.0	true
<=24.1.2	2.0.0-0	false
<=24.1.2	2.3.4	true
<=24.1.2	2.3.4-rc	false
<=24.1.2	2.3.5	true
<=24.1.2	2.9.9	true
<=24.1.2	3.0.0	true
<=24.1.2	3.4.5-alpha.9	false
<=24.1.2	4.6.5	true
<=24.1.2	5.0.0	true
<=24.1.2	22.12.0	true
<=24.1.2	22.20.1	true
<=24.1.2	24.0.0	true
<=24.1.2	24.0.5	true
<=24.1.2	24.1.2	true
<=24.1.2	24.1.9	false
<=24.1.2	24.2.0	false
<=24.1.2	24.20.0	false
<=24.1.2	25.0.0	false
<=24.1.2	file:vendor/a	false
<=24.1.2	9007199254740991.0.0	false
^1.2.3	0.0.0	false
^1.2.3	0.0.3	false
^1.2.3	0.0.4	false
^1.2.3	0.1.0	false
^1.2.3	0.2.9	false
^1.2.3	0.9.0	false
^1.2.3	1.0.0	false
^1.2.3	1.0.0-rc.1	false
^1.2.3	1.2.0	false
^1.2.3	1.2.2	false
^1.2.3	1.2.3	true
^1.2.3	1.2.3-alpha.7	false
^1.2.3	1.2.3-beta	false
^1.2.3	1.2.3-beta.1	false
^1.2.3	1.2.3-beta.2	false
^1.2.3	1.2.3-beta.4	false
^1.2.3	1.2.3-rc.1	false
^1.2.3	1.2.4-beta.2	false
^1.2.3	1.2.7	true
^1.2.3	1.2.8	true
^1.2.3	1.3.0	true
^1.2.3	1.3.0-0	false
^1.2.3	1.4.6	true
^1.2.3	1.9.0	true
^1.2.3	2.0.0	false
^1.2.3	2.0.0-0	false
^1.2.3	2.3.4	false
^1.2.3	2.3.4-rc	false
^1.2.3	2.3.5	false
^1.2.3	2.9.9	false
^1.2.3	3.0.0	false
^1.2.3	3.4.5-alpha.9	false
^1.2.3	4.6.5	false
^1.2.3	5.0.0	false
^1.2.3	22.12.0	false
^1.2.3	22.20.1	false
^1.2.3	24.0.0	false
^1.2.3	24.0.5	false
^1.2.3	24.1.2	false
^1.2.3	24.1.9	false
^1.2.3	24.2.0	false
^1.2.3	24.20.0	false
^1.2.3	25.0.0	false
^1.2.3	file:vendor/a	false
^1.2.3	9007199254740991.0.0	false
^0.2.3	0.0.0	false
^0.2.3	0.0.3	false
^0.2.3	0.0.4	false
^0.2.3	0.1.0	false
^0.2.3	0.2.9	true
^0.2.3	0.9.0	false
^0.2.3	1.0.0	false
^0.2.3	1.0.0-rc.1	false
^0.2.3	1.2.0	false
^0.2.3	1.2.2	false
^0.2.3	1.2.3	false
^0.2.3	1.2.3-alpha.7	false
^0.2.3	1.2.3-beta	false
^0.2.3	1.2.3-beta.1	false
^0.2.3	1.2.3-beta.2	false
^0.2.3	1.2.3-beta.4	false
^0.2.3	1.2.3-rc.1	false
^0.2.3	1.2.4-beta.2	false
^0.2.3	1.2.7	false
^0.2.3	1.2.8	false
^0.2.3	1.3.0	false
^0.2.3	1.3.0-0	false
^0.2.3	1.4.6	false
^0.2.3	1.9.0	false
^0.2.3	2.0.0	false
^0.2.3	2.0.0-0	false
^0.2.3	2.3.4	false
^0.2.3	2.3.4-rc	false
^0.2.3	2.3.5	false
^0.2.3	2.9.9	false
^0.2.3	3.0.0	false
^0.2.3	3.4.5-alpha.9	false
^0.2.3	4.6.5	false
^0.2.3	5.0.0	false
^0.2.3	22.12.0	false
^0.2.3	22.20.1	false
^0.2.3	24.0.0	false
^0.2.3	24.0.5	false
^0.2.3	24.1.2	false
^0.2.3	24.1.9	false
^0.2.3	24.2.0	false
^0.2.3	24.20.0	false
^0.2.3	25.0.0	false
^0.2.3	file:vendor/a	false
^0.2.3	9007199254740991.0.0	false
^0.0.3	0.0.0	false
^0.0.3	0.0.3	true
^0.0.3	0.0.4	false
^0.0.3	0.1.0	false
^0.0.3	0.2.9	false
^0.0.3	0.9.0	false
^0.0.3	1.0.0	false
^0.0.3	1.0.0-rc.1	false
^0.0.3	1.2.0	false
^0.0.3	1.2.2	false
^0.0.3	1.2.3	false
^0.0.3	1.2.3-alpha.7	false
^0.0.3	1.2.3-beta	false
^0.0.3	1.2.3-beta.1	false
^0.0.3	1.2.3-beta.2	false
^0.0.3	1.2.3-beta.4	false
^0.0.3	1.2.3-rc.1	false
^0.0.3	1.2.4-beta.2	false
^0.0.3	1.2.7	false
^0.0.3	1.2.8	false
^0.0.3	1.3.0	false
^0.0.3	1.3.0-0	false
^0.0.3	1.4.6	false
^0.0.3	1.9.0	false
^0.0.3	2.0.0	false
^0.0.3	2.0.0-0	false
^0.0.3	2.3.4	false
^0.0.3	2.3.4-rc	false
^0.0.3	2.3.5	false
^0.0.3	2.9.9	false
^0.0.3	3.0.0	false
^0.0.3	3.4.5-alpha.9	false
^0.0.3	4.6.5	false
^0.0.3	5.0.0	false
^0.0.3	22.12.0	false
^0.0.3	22.20.1	false
^0.0.3	24.0.0	false
^0.0.3	24.0.5	false
^0.0.3	24.1.2	false
^0.0.3	24.1.9	false
^0.0.3	24.2.0	false
^0.0.3	24.20.0	false
^0.0.3	25.0.0	false
^0.0.3	file:vendor/a	false
^0.0.3	9007199254740991.0.0	false
^0.0	0.0.0	true
^0.0	0.0.3	true
^0.0	0.0.4	true
^0.0	0.1.0	false
^0.0	0.2.9	false
^0.0	0.9.0	false
^0.0	1.0.0	false
^0.0	1.0.0-rc.1	false
^0.0	1.2.0	false
^0.0	1.2.2	false
^0.0	1.2.3	false
^0.0	1.2.3-alpha.7	false
^0.0	1.2.3-beta	false
^0.0	1.2.3-beta.1	false
^0.0	1.2.3-beta.2	false
^0.0	1.2.3-beta.4	false
^0.0	1.2.3-rc.1	false
^0.0	1.2.4-beta.2	false
^0.0	1.2.7	false
^0.0	1.2.8	false
^0.0	1.3.0	false
^0.0	1.3.0-0	false
^0.0	1.4.6	false
^0.0	1.9.0	false
^0.0	2.0.0	false
^0.0	2.0.0-0	false
^0.0	2.3.4	false
^0.0	2.3.4-rc	false
^0.0	2.3.5	false
^0.0	2.9.9	false
^0.0	3.0.0	false
^0.0	3.4.5-alpha.9	false
^0.0	4.6.5	false
^0.0	5.0.0	false
^0.0	22.12.0	false
^0.0	22.20.1	false
^0.0	24.0.0	false
^0.0	24.0.5	false
^0.0	24.1.2	false
^0.0	24.1.9	false
^0.0	24.2.0	false
^0.0	24.20.0	false
^0.0	25.0.0	false
^0.0	file:vendor/a	false
^0.0	9007199254740991.0.0	false
^0	0.0.0	true
^0	0.0.3	true
^0	0.0.4	true
^0	0.1.0	true
^0	0.2.9	true
^0	0.9.0	true
^0	1.0.0	false
^0	1.0.0-rc.1	false
^0	1.2.0	false
^0	1.2.2	false
^0	1.2.3	false
^0	1.2.3-alpha.7	false
^0	1.2.3-beta	false
^0	1.2.3-beta.1	false
^0	1.2.3-beta.2	false
^0	1.2.3-beta.4	false
^0	1.2.3-rc.1	false
^0	1.2.4-beta.2	false
^0	1.2.7	false
^0	1.2.8	false
^0	1.3.0	false
^0	1.3.0-0	false
^0	1.4.6	false
^0	1.9.0	false
^0	2.0.0	false
^0	2.0.0-0	false
^0	2.3.4	false
^0	2.3.4-rc	false
^0	2.3.5	false
^0	2.9.9	false
^0	3.0.0	false
^0	3.4.5-alpha.9	false
^0	4.6.5	false
^0	5.0.0	false
^0	22.12.0	false
^0	22.20.1	false
^0	24.0.0	false
^0	24.0.5	false
^0	24.1.2	false
^0	24.1.9	false
^0	24.2.0	false
^0	24.20.0	false
^0	25.0.0	false
^0	file:vendor/a	false
^0	9007199254740991.0.0	false
^1.x	0.0.0	false
^1.x	0.0.3	false
^1.x	0.0.4	false
^1.x	0.1.0	false
^1.x	0.2.9	false
^1.x	0.9.0	false
^1.x	1.0.0	true
^1.x	1.0.0-rc.1	false
^1.x	1.2.0	true
^1.x	1.2.2	true
^1.x	1.2.3	true
^1.x	1.2.3-alpha.7	false
^1.x	1.2.3-beta	false
^1.x	1.2.3-beta.1	false
^1.x	1.2.3-beta.2	false
^1.x	1.2.3-beta.4	false
^1.x	1.2.3-rc.1	false
^1.x	1.2.4-beta.2	false
^1.x	1.2.7	true
^1.x	1.2.8	true
^1.x	1.3.0	true
^1.x	1.3.0-0	false
^1.x	1.4.6	true
^1.x	1.9.0	true
^1.x	2.0.0	false
^1.x	2.0.0-0	false
^1.x	2.3.4	false
^1.x	2.3.4-rc	false
^1.x	2.3.5	false
^1.x	2.9.9	false
^1.x	3.0.0	false
^1.x	3.4.5-alpha.9	false
^1.x	4.6.5	false
^1.x	5.0.0	false
^1.x	22.12.0	false
^1.x	22.20.1	false
^1.x	24.0.0	false
^1.x	24.0.5	false
^1.x	24.1.2	false
^1.x	24.1.9	false
^1.x	24.2.0	false
^1.x	24.20.0	false
^1.x	25.0.0	false
^1.x	file:vendor/a	false
^1.x	9007199254740991.0.0	false
^0.x	0.0.0	true
^0.x	0.0.3	true
^0.x	0.0.4	true
^0.x	0.1.0	true
^0.x	0.2.9	true
^0.x	0.9.0	true
^0.x	1.0.0	false
^0.x	1.0.0-rc.1	false
^0.x	1.2.0	false
^0.x	1.2.2	false
^0.x	1.2.3	false
^0.x	1.2.3-alpha.7	false
^0.x	1.2.3-beta	false
^0.x	1.2.3-beta.1	false
^0.x	1.2.3-beta.2	false
^0.x	1.2.3-beta.4	false
^0.x	1.2.3-rc.1	false
^0.x	1.2.4-beta.2	false
^0.x	1.2.7	false
^0.x	1.2.8	false
^0.x	1.3.0	false
^0.x	1.3.0-0	false
^0.x	1.4.6	false
^0.x	1.9.0	false
^0.x	2.0.0	false
^0.x	2.0.0-0	false
^0.x	2.3.4	false
^0.x	2.3.4-rc	false
^0.x	2.3.5	false
^0.x	2.9.9	false
^0.x	3.0.0	false
^0.x	3.4.5-alpha.9	false
^0.x	4.6.5	false
^0.x	5.0.0	false
^0.x	22.12.0	false
^0.x	22.20.1	false
^0.x	24.0.0	false
^0.x	24.0.5	false
^0.x	24.1.2	false
^0.x	24.1.9	false
^0.x	24.2.0	false
^0.x	24.20.0	false
^0.x	25.0.0	false
^0.x	file:vendor/a	false
^0.x	9007199254740991.0.0	false
~1.2.3	0.0.0	false
~1.2.3	0.0.3	false
~1.2.3	0.0.4	false
~1.2.3	0.1.0	false
~1.2.3	0.2.9	false
~1.2.3	0.9.0	false
~1.2.3	1.0.0	false
~1.2.3	1.0.0-rc.1	false
~1.2.3	1.2.0	false
~1.2.3	1.2.2	false
~1.2.3	1.2.3	true
~1.2.3	1.2.3-alpha.7	false
~1.2.3	1.2.3-beta	false
~1.2.3	1.2.3-beta.1	false
~1.2.3	1.2.3-beta.2	false
~1.2.3	1.2.3-beta.4	false
~1.2.3	1.2.3-rc.1	false
~1.2.3	1.2.4-beta.2	false
~1.2.3	1.2.7	true
~1.2.3	1.2.8	true
~1.2.3	1.3.0	false
~1.2.3	1.3.0-0	false
~1.2.3	1.4.6	false
~1.2.3	1.9.0	false
~1.2.3	2.0.0	false
~1.2.3	2.0.0-0	false
~1.2.3	2.3.4	false
~1.2.3	2.3.4-rc	false
~1.2.3	2.3.5	false
~1.2.3	2.9.9	false
~1.2.3	3.0.0	false
~1.2.3	3.4.5-alpha.9	false
~1.2.3	4.6.5	false
~1.2.3	5.0.0	false
~1.2.3	22.12.0	false
~1.2.3	22.20.1	false
~1.2.3	24.0.0	false
~1.2.3	24.0.5	false
~1.2.3	24.1.2	false
~1.2.3	24.1.9	false
~1.2.3	24.2.0	false
~1.2.3	24.20.0	false
~1.2.3	25.0.0	false
~1.2.3	file:vendor/a	false
~1.2.3	9007199254740991.0.0	false
~1.2	0.0.0	false
~1.2	0.0.3	false
~1.2	0.0.4	false
~1.2	0.1.0	false
~1.2	0.2.9	false
~1.2	0.9.0	false
~1.2	1.0.0	false
~1.2	1.0.0-rc.1	false
~1.2	1.2.0	true
~1.2	1.2.2	true
~1.2	1.2.3	true
~1.2	1.2.3-alpha.7	false
~1.2	1.2.3-beta	false
~1.2	1.2.3-beta.1	false
~1.2	1.2.3-beta.2	false
~1.2	1.2.3-beta.4	false
~1.2	1.2.3-rc.1	false
~1.2	1.2.4-beta.2	false
~1.2	1.2.7	true
~1.2	1.2.8	true
~1.2	1.3.0	false
~1.2	1.3.0-0	false
~1.2	1.4.6	false
~1.2	1.9.0	false
~1.2	2.0.0	false
~1.2	2.0.0-0	false
~1.2	2.3.4	false
~1.2	2.3.4-rc	false
~1.2	2.3.5	false
~1.2	2.9.9	false
~1.2	3.0.0	false
~1.2	3.4.5-alpha.9	false
~1.2	4.6.5	false
~1.2	5.0.0	false
~1.2	22.12.0	false
~1.2	22.20.1	false
~1.2	24.0.0	false
~1.2	24.0.5	false
~1.2	24.1.2	false
~1.2	24.1.9	false
~1.2	24.2.0	false
~1.2	24.20.0	false
~1.2	25.0.0	false
~1.2	file:vendor/a	false
~1.2	9007199254740991.0.0	false
~1	0.0.0	false
~1	0.0.3	false
~1	0.0.4	false
~1	0.1.0	false
~1	0.2.9	false
~1	0.9.0	false
~1	1.0.0	true
~1	1.0.0-rc.1	false
~1	1.2.0	true
~1	1.2.2	true
~1	1.2.3	true
~1	1.2.3-alpha.7	false
~1	1.2.3-beta	false
~1	1.2.3-beta.1	false
~1	1.2.3-beta.2	false
~1	1.2.3-beta.4	false
~1	1.2.3-rc.1	false
~1	1.2.4-beta.2	false
~1	1.2.7	true
~1	1.2.8	true
~1	1.3.0	true
~1	1.3.0-0	false
~1	1.4.6	true
~1	1.9.0	true
~1	2.0.0	false
~1	2.0.0-0	false
~1	2.3.4	false
~1	2.3.4-rc	false
~1	2.3.5	false
~1	2.9.9	false
~1	3.0.0	false
~1	3.4.5-alpha.9	false
~1	4.6.5	false
~1	5.0.0	false
~1	22.12.0	false
~1	22.20.1	false
~1	24.0.0	false
~1	24.0.5	false
~1	24.1.2	false
~1	24.1.9	false
~1	24.2.0	false
~1	24.20.0	false
~1	25.0.0	false
~1	file:vendor/a	false
~1	9007199254740991.0.0	false
~0.2	0.0.0	false
~0.2	0.0.3	false
~0.2	0.0.4	false
~0.2	0.1.0	false
~0.2	0.2.9	true
~0.2	0.9.0	false
~0.2	1.0.0	false
~0.2	1.0.0-rc.1	false
~0.2	1.2.0	false
~0.2	1.2.2	false
~0.2	1.2.3	false
~0.2	1.2.3-alpha.7	false
~0.2	1.2.3-beta	false
~0.2	1.2.3-beta.1	false
~0.2	1.2.3-beta.2	false
~0.2	1.2.3-beta.4	false
~0.2	1.2.3-rc.1	false
~0.2	1.2.4-beta.2	false
~0.2	1.2.7	false
~0.2	1.2.8	false
~0.2	1.3.0	false
~0.2	1.3.0-0	false
~0.2	1.4.6	false
~0.2	1.9.0	false
~0.2	2.0.0	false
~0.2	2.0.0-0	false
~0.2	2.3.4	false
~0.2	2.3.4-rc	false
~0.2	2.3.5	false
~0.2	2.9.9	false
~0.2	3.0.0	false
~0.2	3.4.5-alpha.9	false
~0.2	4.6.5	false
~0.2	5.0.0	false
~0.2	22.12.0	false
~0.2	22.20.1	false
~0.2	24.0.0	false
~0.2	24.0.5	false
~0.2	24.1.2	false
~0.2	24.1.9	false
~0.2	24.2.0	false
~0.2	24.20.0	false
~0.2	25.0.0	false
~0.2	file:vendor/a	false
~0.2	9007199254740991.0.0	false
1.2.3 - 2.3.4	0.0.0	false
1.2.3 - 2.3.4	0.0.3	false
1.2.3 - 2.3.4	0.0.4	false
1.2.3 - 2.3.4	0.1.0	false
1.2.3 - 2.3.4	0.2.9	false
1.2.3 - 2.3.4	0.9.0	false
1.2.3 - 2.3.4	1.0.0	false
1.2.3 - 2.3.4	1.0.0-rc.1	false
1.2.3 - 2.3.4	1.2.0	false
1.2.3 - 2.3.4	1.2.2	false
1.2.3 - 2.3.4	1.2.3	true
1.2.3 - 2.3.4	1.2.3-alpha.7	false
1.2.3 - 2.3.4	1.2.3-beta	false
1.2.3 - 2.3.4	1.2.3-beta.1	false
1.2.3 - 2.3.4	1.2.3-beta.2	false
1.2.3 - 2.3.4	1.2.3-beta.4	false
1.2.3 - 2.3.4	1.2.3-rc.1	false
1.2.3 - 2.3.4	1.2.4-beta.2	false
1.2.3 - 2.3.4	1.2.7	true
1.2.3 - 2.3.4	1.2.8	true
1.2.3 - 2.3.4	1.3.0	true
1.2.3 - 2.3.4	1.3.0-0	false
1.2.3 - 2.3.4	1.4.6	true
1.2.3 - 2.3.4	1.9.0	true
1.2.3 - 2.3.4	2.0.0	true
1.2.3 - 2.3.4	2.0.0-0	false
1.2.3 - 2.3.4	2.3.4	true
1.2.3 - 2.3.4	2.3.4-rc	false
1.2.3 - 2.3.4	2.3.5	false
1.2.3 - 2.3.4	2.9.9	false
1.2.3 - 2.3.4	3.0.0	false
1.2.3 - 2.3.4	3.4.5-alpha.9	false
1.2.3 - 2.3.4	4.6.5	false
1.2.3 - 2.3.4	5.0.0	false
1.2.3 - 2.3.4	22.12.0	false
1.2.3 - 2.3.4	22.20.1	false
1.2.3 - 2.3.4	24.0.0	false
1.2.3 - 2.3.4	24.0.5	false
1.2.3 - 2.3.4	24.1.2	false
1.2.3 - 2.3.4	24.1.9	false
1.2.3 - 2.3.4	24.2.0	false
1.2.3 - 2.3.4	24.20.0	false
1.2.3 - 2.3.4	25.0.0	false
1.2.3 - 2.3.4	file:vendor/a	false
1.2.3 - 2.3.4	9007199254740991.0.0	false
1.2 - 2.3.4	0.0.0	false
1.2 - 2.3.4	0.0.3	false
1.2 - 2.3.4	0.0.4	false
1.2 - 2.3.4	0.1.0	false
1.2 - 2.3.4	0.2.9	false
1.2 - 2.3.4	0.9.0	false
1.2 - 2.3.4	1.0.0	false
1.2 - 2.3.4	1.0.0-rc.1	false
1.2 - 2.3.4	1.2.0	true
1.2 - 2.3.4	1.2.2	true
1.2 - 2.3.4	1.2.3	true
1.2 - 2.3.4	1.2.3-alpha.7	false
1.2 - 2.3.4	1.2.3-beta	false
1.2 - 2.3.4	1.2.3-beta.1	false
1.2 - 2.3.4	1.2.3-beta.2	false
1.2 - 2.3.4	1.2.3-beta.4	false
1.2 - 2.3.4	1.2.3-rc.1	false
1.2 - 2.3.4	1.2.4-beta.2	false
1.2 - 2.3.4	1.2.7	true
1.2 - 2.3.4	1.2.8	true
1.2 - 2.3.4	1.3.0	true
1.2 - 2.3.4	1.3.0-0	false
1.2 - 2.3.4	1.4.6	true
1.2 - 2.3.4	1.9.0	true
1.2 - 2.3.4	2.0.0	true
1.2 - 2.3.4	2.0.0-0	false
1.2 - 2.3.4	2.3.4	true
1.2 - 2.3.4	2.3.4-rc	false
1.2 - 2.3.4	2.3.5	false
1.2 - 2.3.4	2.9.9	false
1.2 - 2.3.4	3.0.0	false
1.2 - 2.3.4	3.4.5-alpha.9	false
1.2 - 2.3.4	4.6.5	false
1.2 - 2.3.4	5.0.0	false
1.2 - 2.3.4	22.12.0	false
1.2 - 2.3.4	22.20.1	false
1.2 - 2.3.4	24.0.0	false
1.2 - 2.3.4	24.0.5	false
1.2 - 2.3.4	24.1.2	false
1.2 - 2.3.4	24.1.9	false
1.2 - 2.3.4	24.2.0	false
1.2 - 2.3.4	24.20.0	false
1.2 - 2.3.4	25.0.0	false
1.2 - 2.3.4	file:vendor/a	false
1.2 - 2.3.4	9007199254740991.0.0	false
1.2.3 - 2.3	0.0.0	false
1.2.3 - 2.3	0.0.3	false
1.2.3 - 2.3	0.0.4	false
1.2.3 - 2.3	0.1.0	false
1.2.3 - 2.3	0.2.9	false
1.2.3 - 2.3	0.9.0	false
1.2.3 - 2.3	1.0.0	false
1.2.3 - 2.3	1.0.0-rc.1	false
1.2.3 - 2.3	1.2.0	false
1.2.3 - 2.3	1.2.2	false
1.2.3 - 2.3	1.2.3	true
1.2.3 - 2.3	1.2.3-alpha.7	false
1.2.3 - 2.3	1.2.3-beta	false
1.2.3 - 2.3	1.2.3-beta.1	false
1.2.3 - 2.3	1.2.3-beta.2	false
1.2.3 - 2.3	1.2.3-beta.4	false
1.2.3 - 2.3	1.2.3-rc.1	false
1.2.3 - 2.3	1.2.4-beta.2	false
1.2.3 - 2.3	1.2.7	true
1.2.3 - 2.3	1.2.8	true
1.2.3 - 2.3	1.3.0	true
1.2.3 - 2.3	1.3.0-0	false
1.2.3 - 2.3	1.4.6	true
1.2.3 - 2.3	1.9.0	true
1.2.3 - 2.3	2.0.0	true
1.2.3 - 2.3	2.0.0-0	false
1.2.3 - 2.3	2.3.4	true
1.2.3 - 2.3	2.3.4-rc	false
1.2.3 - 2.3	2.3.5	true
1.2.3 - 2.3	2.9.9	false
1.2.3 - 2.3	3.0.0	false
1.2.3 - 2.3	3.4.5-alpha.9	false
1.2.3 - 2.3	4.6.5	false
1.2.3 - 2.3	5.0.0	false
1.2.3 - 2.3	22.12.0	false
1.2.3 - 2.3	22.20.1	false
1.2.3 - 2.3	24.0.0	false
1.2.3 - 2.3	24.0.5	false
1.2.3 - 2.3	24.1.2	false
1.2.3 - 2.3	24.1.9	false
1.2.3 - 2.3	24.2.0	false
1.2.3 - 2.3	24.20.0	false
1.2.3 - 2.3	25.0.0	false
1.2.3 - 2.3	file:vendor/a	false
1.2.3 - 2.3	9007199254740991.0.0	false
1.2.3 - 2	0.0.0	false
1.2.3 - 2	0.0.3	false
1.2.3 - 2	0.0.4	false
1.2.3 - 2	0.1.0	false
1.2.3 - 2	0.2.9	false
1.2.3 - 2	0.9.0	false
1.2.3 - 2	1.0.0	false
1.2.3 - 2	1.0.0-rc.1	false
1.2.3 - 2	1.2.0	false
1.2.3 - 2	1.2.2	false
1.2.3 - 2	1.2.3	true
1.2.3 - 2	1.2.3-alpha.7	false
1.2.3 - 2	1.2.3-beta	false
1.2.3 - 2	1.2.3-beta.1	false
1.2.3 - 2	1.2.3-beta.2	false
1.2.3 - 2	1.2.3-beta.4	false
1.2.3 - 2	1.2.3-rc.1	false
1.2.3 - 2	1.2.4-beta.2	false
1.2.3 - 2	1.2.7	true
1.2.3 - 2	1.2.8	true
1.2.3 - 2	1.3.0	true
1.2.3 - 2	1.3.0-0	false
1.2.3 - 2	1.4.6	true
1.2.3 - 2	1.9.0	true
1.2.3 - 2	2.0.0	true
1.2.3 - 2	2.0.0-0	false
1.2.3 - 2	2.3.4	true
1.2.3 - 2	2.3.4-rc	false
1.2.3 - 2	2.3.5	true
1.2.3 - 2	2.9.9	true
1.2.3 - 2	3.0.0	false
1.2.3 - 2	3.4.5-alpha.9	false
1.2.3 - 2	4.6.5	false
1.2.3 - 2	5.0.0	false
1.2.3 - 2	22.12.0	false
1.2.3 - 2	22.20.1	false
1.2.3 - 2	24.0.0	false
1.2.3 - 2	24.0.5	false
1.2.3 - 2	24.1.2	false
1.2.3 - 2	24.1.9	false
1.2.3 - 2	24.2.0	false
1.2.3 - 2	24.20.0	false
1.2.3 - 2	25.0.0	false
1.2.3 - 2	file:vendor/a	false
1.2.3 - 2	9007199254740991.0.0	false
1.x - 2.x	0.0.0	false
1.x - 2.x	0.0.3	false
1.x - 2.x	0.0.4	false
1.x - 2.x	0.1.0	false
1.x - 2.x	0.2.9	false
1.x - 2.x	0.9.0	false
1.x - 2.x	1.0.0	true
1.x - 2.x	1.0.0-rc.1	false
1.x - 2.x	1.2.0	true
1.x - 2.x	1.2.2	true
1.x - 2.x	1.2.3	true
1.x - 2.x	1.2.3-alpha.7	false
1.x - 2.x	1.2.3-beta	false
1.x - 2.x	1.2.3-beta.1	false
1.x - 2.x	1.2.3-beta.2	false
1.x - 2.x	1.2.3-beta.4	false
1.x - 2.x	1.2.3-rc.1	false
1.x - 2.x	1.2.4-beta.2	false
1.x - 2.x	1.2.7	true
1.x - 2.x	1.2.8	true
1.x - 2.x	1.3.0	true
1.x - 2.x	1.3.0-0	false
1.x - 2.x	1.4.6	true
1.x - 2.x	1.9.0	true
1.x - 2.x	2.0.0	true
1.x - 2.x	2.0.0-0	false
1.x - 2.x	2.3.4	true
1.x - 2.x	2.3.4-rc	false
1.x - 2.x	2.3.5	true
1.x - 2.x	2.9.9	true
1.x - 2.x	3.0.0	false
1.x - 2.x	3.4.5-alpha.9	false
1.x - 2.x	4.6.5	false
1.x - 2.x	5.0.0	false
1.x - 2.x	22.12.0	false
1.x - 2.x	22.20.1	false
1.x - 2.x	24.0.0	false
1.x - 2.x	24.0.5	false
1.x - 2.x	24.1.2	false
1.x - 2.x	24.1.9	false
1.x - 2.x	24.2.0	false
1.x - 2.x	24.20.0	false
1.x - 2.x	25.0.0	false
1.x - 2.x	file:vendor/a	false
1.x - 2.x	9007199254740991.0.0	false
* - 2	0.0.0	true
* - 2	0.0.3	true
* - 2	0.0.4	true
* - 2	0.1.0	true
* - 2	0.2.9	true
* - 2	0.9.0	true
* - 2	1.0.0	true
* - 2	1.0.0-rc.1	false
* - 2	1.2.0	true
* - 2	1.2.2	true
* - 2	1.2.3	true
* - 2	1.2.3-alpha.7	false
* - 2	1.2.3-beta	false
* - 2	1.2.3-beta.1	false
* - 2	1.2.3-beta.2	false
* - 2	1.2.3-beta.4	false
* - 2	1.2.3-rc.1	false
* - 2	1.2.4-beta.2	false
* - 2	1.2.7	true
* - 2	1.2.8	true
* - 2	1.3.0	true
* - 2	1.3.0-0	false
* - 2	1.4.6	true
* - 2	1.9.0	true
* - 2	2.0.0	true
* - 2	2.0.0-0	false
* - 2	2.3.4	true
* - 2	2.3.4-rc	false
* - 2	2.3.5	true
* - 2	2.9.9	true
* - 2	3.0.0	false
* - 2	3.4.5-alpha.9	false
* - 2	4.6.5	false
* - 2	5.0.0	false
* - 2	22.12.0	false
* - 2	22.20.1	false
* - 2	24.0.0	false
* - 2	24.0.5	false
* - 2	24.1.2	false
* - 2	24.1.9	false
* - 2	24.2.0	false
* - 2	24.20.0	false
* - 2	25.0.0	false
* - 2	file:vendor/a	false
* - 2	9007199254740991.0.0	false
24.0 - 24.0	0.0.0	false
24.0 - 24.0	0.0.3	false
24.0 - 24.0	0.0.4	false
24.0 - 24.0	0.1.0	false
24.0 - 24.0	0.2.9	false
24.0 - 24.0	0.9.0	false
24.0 - 24.0	1.0.0	false
24.0 - 24.0	1.0.0-rc.1	false
24.0 - 24.0	1.2.0	false
24.0 - 24.0	1.2.2	false
24.0 - 24.0	1.2.3	false
24.0 - 24.0	1.2.3-alpha.7	false
24.0 - 24.0	1.2.3-beta	false
24.0 - 24.0	1.2.3-beta.1	false
24.0 - 24.0	1.2.3-beta.2	false
24.0 - 24.0	1.2.3-beta.4	false
24.0 - 24.0	1.2.3-rc.1	false
24.0 - 24.0	1.2.4-beta.2	false
24.0 - 24.0	1.2.7	false
24.0 - 24.0	1.2.8	false
24.0 - 24.0	1.3.0	false
24.0 - 24.0	1.3.0-0	false
24.0 - 24.0	1.4.6	false
24.0 - 24.0	1.9.0	false
24.0 - 24.0	2.0.0	false
24.0 - 24.0	2.0.0-0	false
24.0 - 24.0	2.3.4	false
24.0 - 24.0	2.3.4-rc	false
24.0 - 24.0	2.3.5	false
24.0 - 24.0	2.9.9	false
24.0 - 24.0	3.0.0	false
24.0 - 24.0	3.4.5-alpha.9	false
24.0 - 24.0	4.6.5	false
24.0 - 24.0	5.0.0	false
24.0 - 24.0	22.12.0	false
24.0 - 24.0	22.20.1	false
24.0 - 24.0	24.0.0	true
24.0 - 24.0	24.0.5	true
24.0 - 24.0	24.1.2	false
24.0 - 24.0	24.1.9	false
24.0 - 24.0	24.2.0	false
24.0 - 24.0	24.20.0	false
24.0 - 24.0	25.0.0	false
24.0 - 24.0	file:vendor/a	false
24.0 - 24.0	9007199254740991.0.0	false
>=1.2.7 <1.3.0	0.0.0	false
>=1.2.7 <1.3.0	0.0.3	false
>=1.2.7 <1.3.0	0.0.4	false
>=1.2.7 <1.3.0	0.1.0	false
>=1.2.7 <1.3.0	0.2.9	false
>=1.2.7 <1.3.0	0.9.0	false
>=1.2.7 <1.3.0	1.0.0	false
>=1.2.7 <1.3.0	1.0.0-rc.1	false
>=1.2.7 <1.3.0	1.2.0	false
>=1.2.7 <1.3.0	1.2.2	false
>=1.2.7 <1.3.0	1.2.3	false
>=1.2.7 <1.3.0	1.2.3-alpha.7	false
>=1.2.7 <1.3.0	1.2.3-beta	false
>=1.2.7 <1.3.0	1.2.3-beta.1	false
>=1.2.7 <1.3.0	1.2.3-beta.2	false
>=1.2.7 <1.3.0	1.2.3-beta.4	false
>=1.2.7 <1.3.0	1.2.3-rc.1	false
>=1.2.7 <1.3.0	1.2.4-beta.2	false
>=1.2.7 <1.3.0	1.2.7	true
>=1.2.7 <1.3.0	1.2.8	true
>=1.2.7 <1.3.0	1.3.0	false
>=1.2.7 <1.3.0	1.3.0-0	false
>=1.2.7 <1.3.0	1.4.6	false
>=1.2.7 <1.3.0	1.9.0	false
>=1.2.7 <1.3.0	2.0.0	false
>=1.2.7 <1.3.0	2.0.0-0	false
>=1.2.7 <1.3.0	2.3.4	false
>=1.2.7 <1.3.0	2.3.4-rc	false
>=1.2.7 <1.3.0	2.3.5	false
>=1.2.7 <1.3.0	2.9.9	false
>=1.2.7 <1.3.0	3.0.0	false
>=1.2.7 <1.3.0	3.4.5-alpha.9	false
>=1.2.7 <1.3.0	4.6.5	false
>=1.2.7 <1.3.0	5.0.0	false
>=1.2.7 <1.3.0	22.12.0	false
>=1.2.7 <1.3.0	22.20.1	false
>=1.2.7 <1.3.0	24.0.0	false
>=1.2.7 <1.3.0	24.0.5	false
>=1.2.7 <1.3.0	24.1.2	false
>=1.2.7 <1.3.0	24.1.9	false
>=1.2.7 <1.3.0	24.2.0	false
>=1.2.7 <1.3.0	24.20.0	false
>=1.2.7 <1.3.0	25.0.0	false
>=1.2.7 <1.3.0	file:vendor/a	false
>=1.2.7 <1.3.0	9007199254740991.0.0	false
>= 1.2.7 < 1.3.0	0.0.0	false
>= 1.2.7 < 1.3.0	0.0.3	false
>= 1.2.7 < 1.3.0	0.0.4	false
>= 1.2.7 < 1.3.0	0.1.0	false
>= 1.2.7 < 1.3.0	0.2.9	false
>= 1.2.7 < 1.3.0	0.9.0	false
>= 1.2.7 < 1.3.0	1.0.0	false
>= 1.2.7 < 1.3.0	1.0.0-rc.1	false
>= 1.2.7 < 1.3.0	1.2.0	false
>= 1.2.7 < 1.3.0	1.2.2	false
>= 1.2.7 < 1.3.0	1.2.3	false
>= 1.2.7 < 1.3.0	1.2.3-alpha.7	false
>= 1.2.7 < 1.3.0	1.2.3-beta	false
>= 1.2.7 < 1.3.0	1.2.3-beta.1	false
>= 1.2.7 < 1.3.0	1.2.3-beta.2	false
>= 1.2.7 < 1.3.0	1.2.3-beta.4	false
>= 1.2.7 < 1.3.0	1.2.3-rc.1	false
>= 1.2.7 < 1.3.0	1.2.4-beta.2	false
>= 1.2.7 < 1.3.0	1.2.7	true
>= 1.2.7 < 1.3.0	1.2.8	true
>= 1.2.7 < 1.3.0	1.3.0	false
>= 1.2.7 < 1.3.0	1.3.0-0	false
>= 1.2.7 < 1.3.0	1.4.6	false
>= 1.2.7 < 1.3.0	1.9.0	false
>= 1.2.7 < 1.3.0	2.0.0	false
>= 1.2.7 < 1.3.0	2.0.0-0	false
>= 1.2.7 < 1.3.0	2.3.4	false
>= 1.2.7 < 1.3.0	2.3.4-rc	false
>= 1.2.7 < 1.3.0	2.3.5	false
>= 1.2.7 < 1.3.0	2.9.9	false
>= 1.2.7 < 1.3.0	3.0.0	false
>= 1.2.7 < 1.3.0	3.4.5-alpha.9	false
>= 1.2.7 < 1.3.0	4.6.5	false
>= 1.2.7 < 1.3.0	5.0.0	false
>= 1.2.7 < 1.3.0	22.12.0	false
>= 1.2.7 < 1.3.0	22.20.1	false
>= 1.2.7 < 1.3.0	24.0.0	false
>= 1.2.7 < 1.3.0	24.0.5	false
>= 1.2.7 < 1.3.0	24.1.2	false
>= 1.2.7 < 1.3.0	24.1.9	false
>= 1.2.7 < 1.3.0	24.2.0	false
>= 1.2.7 < 1.3.0	24.20.0	false
>= 1.2.7 < 1.3.0	25.0.0	false
>= 1.2.7 < 1.3.0	file:vendor/a	false
>= 1.2.7 < 1.3.0	9007199254740991.0.0	false
1.2.7 || >=1.2.9 <2.0.0	0.0.0	false
1.2.7 || >=1.2.9 <2.0.0	0.0.3	false
1.2.7 || >=1.2.9 <2.0.0	0.0.4	false
1.2.7 || >=1.2.9 <2.0.0	0.1.0	false
1.2.7 || >=1.2.9 <2.0.0	0.2.9	false
1.2.7 || >=1.2.9 <2.0.0	0.9.0	false
1.2.7 || >=1.2.9 <2.0.0	1.0.0	false
1.2.7 || >=1.2.9 <2.0.0	1.0.0-rc.1	false
1.2.7 || >=1.2.9 <2.0.0	1.2.0	false
1.2.7 || >=1.2.9 <2.0.0	1.2.2	false
1.2.7 || >=1.2.9 <2.0.0	1.2.3	false
1.2.7 || >=1.2.9 <2.0.0	1.2.3-alpha.7	false
1.2.7 || >=1.2.9 <2.0.0	1.2.3-beta	false
1.2.7 || >=1.2.9 <2.0.0	1.2.3-beta.1	false
1.2.7 || >=1.2.9 <2.0.0	1.2.3-beta.2	false
1.2.7 || >=1.2.9 <2.0.0	1.2.3-beta.4	false
1.2.7 || >=1.2.9 <2.0.0	1.2.3-rc.1	false
1.2.7 || >=1.2.9 <2.0.0	1.2.4-beta.2	false
1.2.7 || >=1.2.9 <2.0.0	1.2.7	true
1.2.7 || >=1.2.9 <2.0.0	1.2.8	false
1.2.7 || >=1.2.9 <2.0.0	1.3.0	true
1.2.7 || >=1.2.9 <2.0.0	1.3.0-0	false
1.2.7 || >=1.2.9 <2.0.0	1.4.6	true
1.2.7 || >=1.2.9 <2.0.0	1.9.0	true
1.2.7 || >=1.2.9 <2.0.0	2.0.0	false
1.2.7 || >=1.2.9 <2.0.0	2.0.0-0	false
1.2.7 || >=1.2.9 <2.0.0	2.3.4	false
1.2.7 || >=1.2.9 <2.0.0	2.3.4-rc	false
1.2.7 || >=1.2.9 <2.0.0	2.3.5	false
1.2.7 || >=1.2.9 <2.0.0	2.9.9	false
1.2.7 || >=1.2.9 <2.0.0	3.0.0	false
1.2.7 || >=1.2.9 <2.0.0	3.4.5-alpha.9	false
1.2.7 || >=1.2.9 <2.0.0	4.6.5	false
1.2.7 || >=1.2.9 <2.0.0	5.0.0	false
1.2.7 || >=1.2.9 <2.0.0	22.12.0	false
1.2.7 || >=1.2.9 <2.0.0	22.20.1	false
1.2.7 || >=1.2.9 <2.0.0	24.0.0	false
1.2.7 || >=1.2.9 <2.0.0	24.0.5	false
1.2.7 || >=1.2.9 <2.0.0	24.1.2	false
1.2.7 || >=1.2.9 <2.0.0	24.1.9	false
1.2.7 || >=1.2.9 <2.0.0	24.2.0	false
1.2.7 || >=1.2.9 <2.0.0	24.20.0	false
1.2.7 || >=1.2.9 <2.0.0	25.0.0	false
1.2.7 || >=1.2.9 <2.0.0	file:vendor/a	false
1.2.7 || >=1.2.9 <2.0.0	9007199254740991.0.0	false
24 || 26	0.0.0	false
24 || 26	0.0.3	false
24 || 26	0.0.4	false
24 || 26	0.1.0	false
24 || 26	0.2.9	false
24 || 26	0.9.0	false
24 || 26	1.0.0	false
24 || 26	1.0.0-rc.1	false
24 || 26	1.2.0	false
24 || 26	1.2.2	false
24 || 26	1.2.3	false
24 || 26	1.2.3-alpha.7	false
24 || 26	1.2.3-beta	false
24 || 26	1.2.3-beta.1	false
24 || 26	1.2.3-beta.2	false
24 || 26	1.2.3-beta.4	false
24 || 26	1.2.3-rc.1	false
24 || 26	1.2.4-beta.2	false
24 || 26	1.2.7	false
24 || 26	1.2.8	false
24 || 26	1.3.0	false
24 || 26	1.3.0-0	false
24 || 26	1.4.6	false
24 || 26	1.9.0	false
24 || 26	2.0.0	false
24 || 26	2.0.0-0	false
24 || 26	2.3.4	false
24 || 26	2.3.4-rc	false
24 || 26	2.3.5	false
24 || 26	2.9.9	false
24 || 26	3.0.0	false
24 || 26	3.4.5-alpha.9	false
24 || 26	4.6.5	false
24 || 26	5.0.0	false
24 || 26	22.12.0	false
24 || 26	22.20.1	false
24 || 26	24.0.0	true
24 || 26	24.0.5	true
24 || 26	24.1.2	true
24 || 26	24.1.9	true
24 || 26	24.2.0	true
24 || 26	24.20.0	true
24 || 26	25.0.0	false
24 || 26	file:vendor/a	false
24 || 26	9007199254740991.0.0	false
24.0.x || 22.20.x	0.0.0	false
24.0.x || 22.20.x	0.0.3	false
24.0.x || 22.20.x	0.0.4	false
24.0.x || 22.20.x	0.1.0	false
24.0.x || 22.20.x	0.2.9	false
24.0.x || 22.20.x	0.9.0	false
24.0.x || 22.20.x	1.0.0	false
24.0.x || 22.20.x	1.0.0-rc.1	false
24.0.x || 22.20.x	1.2.0	false
24.0.x || 22.20.x	1.2.2	false
24.0.x || 22.20.x	1.2.3	false
24.0.x || 22.20.x	1.2.3-alpha.7	false
24.0.x || 22.20.x	1.2.3-beta	false
24.0.x || 22.20.x	1.2.3-beta.1	false
24.0.x || 22.20.x	1.2.3-beta.2	false
24.0.x || 22.20.x	1.2.3-beta.4	false
24.0.x || 22.20.x	1.2.3-rc.1	false
24.0.x || 22.20.x	1.2.4-beta.2	false
24.0.x || 22.20.x	1.2.7	false
24.0.x || 22.20.x	1.2.8	false
24.0.x || 22.20.x	1.3.0	false
24.0.x || 22.20.x	1.3.0-0	false
24.0.x || 22.20.x	1.4.6	false
24.0.x || 22.20.x	1.9.0	false
24.0.x || 22.20.x	2.0.0	false
24.0.x || 22.20.x	2.0.0-0	false
24.0.x || 22.20.x	2.3.4	false
24.0.x || 22.20.x	2.3.4-rc	false
24.0.x || 22.20.x	2.3.5	false
24.0.x || 22.20.x	2.9.9	false
24.0.x || 22.20.x	3.0.0	false
24.0.x || 22.20.x	3.4.5-alpha.9	false
24.0.x || 22.20.x	4.6.5	false
24.0.x || 22.20.x	5.0.0	false
24.0.x || 22.20.x	22.12.0	false
24.0.x || 22.20.x	22.20.1	true
24.0.x || 22.20.x	24.0.0	true
24.0.x || 22.20.x	24.0.5	true
24.0.x || 22.20.x	24.1.2	false
24.0.x || 22.20.x	24.1.9	false
24.0.x || 22.20.x	24.2.0	false
24.0.x || 22.20.x	24.20.0	false
24.0.x || 22.20.x	25.0.0	false
24.0.x || 22.20.x	file:vendor/a	false
24.0.x || 22.20.x	9007199254740991.0.0	false
latest	-	invalid
>=	-	invalid
1.2.3 -	-	invalid
- 2.3.4	-	invalid
^20.19 || lts/*	-	invalid
24.0.0.0 - 24.99.0.0	-	invalid
24.0.0.0	-	invalid
>*	0.0.0	false
>*	0.0.3	false
>*	0.0.4	false
>*	0.1.0	false
>*	0.2.9	false
>*	0.9.0	false
>*	1.0.0	false
>*	1.0.0-rc.1	false
>*	1.2.0	false
>*	1.2.2	false
>*	1.2.3	false
>*	1.2.3-alpha.7	false
>*	1.2.3-beta	false
>*	1.2.3-beta.1	false
>*	1.2.3-beta.2	false
>*	1.2.3-beta.4	false
>*	1.2.3-rc.1	false
>*	1.2.4-beta.2	false
>*	1.2.7	false
>*	1.2.8	false
>*	1.3.0	false
>*	1.3.0-0	false
>*	1.4.6	false
>*	1.9.0	false
>*	2.0.0	false
>*	2.0.0-0	false
>*	2.3.4	false
>*	2.3.4-rc	false
>*	2.3.5	false
>*	2.9.9	false
>*	3.0.0	false
>*	3.4.5-alpha.9	false
>*	4.6.5	false
>*	5.0.0	false
>*	22.12.0	false
>*	22.20.1	false
>*	24.0.0	false
>*	24.0.5	false
>*	24.1.2	false
>*	24.1.9	false
>*	24.2.0	false
>*	24.20.0	false
>*	25.0.0	false
>*	file:vendor/a	false
>*	9007199254740991.0.0	false
<*	0.0.0	false
<*	0.0.3	false
<*	0.0.4	false
<*	0.1.0	false
<*	0.2.9	false
<*	0.9.0	false
<*	1.0.0	false
<*	1.0.0-rc.1	false
<*	1.2.0	false
<*	1.2.2	false
<*	1.2.3	false
<*	1.2.3-alpha.7	false
<*	1.2.3-beta	false
<*	1.2.3-beta.1	false
<*	1.2.3-beta.2	false
<*	1.2.3-beta.4	false
<*	1.2.3-rc.1	false
<*	1.2.4-beta.2	false
<*	1.2.7	false
<*	1.2.8	false
<*	1.3.0	false
<*	1.3.0-0	false
<*	1.4.6	false
<*	1.9.0	false
<*	2.0.0	false
<*	2.0.0-0	false
<*	2.3.4	false
<*	2.3.4-rc	false
<*	2.3.5	false
<*	2.9.9	false
<*	3.0.0	false
<*	3.4.5-alpha.9	false
<*	4.6.5	false
<*	5.0.0	false
<*	22.12.0	false
<*	22.20.1	false
<*	24.0.0	false
<*	24.0.5	false
<*	24.1.2	false
<*	24.1.9	false
<*	24.2.0	false
<*	24.20.0	false
<*	25.0.0	false
<*	file:vendor/a	false
<*	9007199254740991.0.0	false
1.2.3-beta.1	0.0.0	false
1.2.3-beta.1	0.0.3	false
1.2.3-beta.1	0.0.4	false
1.2.3-beta.1	0.1.0	false
1.2.3-beta.1	0.2.9	false
1.2.3-beta.1	0.9.0	false
1.2.3-beta.1	1.0.0	false
1.2.3-beta.1	1.0.0-rc.1	false
1.2.3-beta.1	1.2.0	false
1.2.3-beta.1	1.2.2	false
1.2.3-beta.1	1.2.3	false
1.2.3-beta.1	1.2.3-alpha.7	false
1.2.3-beta.1	1.2.3-beta	false
1.2.3-beta.1	1.2.3-beta.1	true
1.2.3-beta.1	1.2.3-beta.2	false
1.2.3-beta.1	1.2.3-beta.4	false
1.2.3-beta.1	1.2.3-rc.1	false
1.2.3-beta.1	1.2.4-beta.2	false
1.2.3-beta.1	1.2.7	false
1.2.3-beta.1	1.2.8	false
1.2.3-beta.1	1.3.0	false
1.2.3-beta.1	1.3.0-0	false
1.2.3-beta.1	1.4.6	false
1.2.3-beta.1	1.9.0	false
1.2.3-beta.1	2.0.0	false
1.2.3-beta.1	2.0.0-0	false
1.2.3-beta.1	2.3.4	false
1.2.3-beta.1	2.3.4-rc	false
1.2.3-beta.1	2.3.5	false
1.2.3-beta.1	2.9.9	false
1.2.3-beta.1	3.0.0	false
1.2.3-beta.1	3.4.5-alpha.9	false
1.2.3-beta.1	4.6.5	false
1.2.3-beta.1	5.0.0	false
1.2.3-beta.1	22.12.0	false
1.2.3-beta.1	22.20.1	false
1.2.3-beta.1	24.0.0	false
1.2.3-beta.1	24.0.5	false
1.2.3-beta.1	24.1.2	false
1.2.3-beta.1	24.1.9	false
1.2.3-beta.1	24.2.0	false
1.2.3-beta.1	24.20.0	false
1.2.3-beta.1	25.0.0	false
1.2.3-beta.1	file:vendor/a	false
1.2.3-beta.1	9007199254740991.0.0	false
01.2	-	invalid
9007199254740992	-	invalid
24.x.1	-	invalid
9007199254740991	-	invalid
=9007199254740991	-	invalid
<=9007199254740991	-	invalid
>9007199254740991	-	invalid
24.9007199254740991	-	invalid
^0.9007199254740991	-	invalid
~1.9007199254740991	-	invalid
1 - 9007199254740991	-	invalid
<=1.2.9007199254740991	0.0.0	true
<=1.2.9007199254740991	0.0.3	true
<=1.2.9007199254740991	0.0.4	true
<=1.2.9007199254740991	0.1.0	true
<=1.2.9007199254740991	0.2.9	true
<=1.2.9007199254740991	0.9.0	true
<=1.2.9007199254740991	1.0.0	true
<=1.2.9007199254740991	1.0.0-rc.1	false
<=1.2.9007199254740991	1.2.0	true
<=1.2.9007199254740991	1.2.2	true
<=1.2.9007199254740991	1.2.3	true
<=1.2.9007199254740991	1.2.3-alpha.7	false
<=1.2.9007199254740991	1.2.3-beta	false
<=1.2.9007199254740991	1.2.3-beta.1	false
<=1.2.9007199254740991	1.2.3-beta.2	false
<=1.2.9007199254740991	1.2.3-beta.4	false
<=1.2.9007199254740991	1.2.3-rc.1	false
<=1.2.9007199254740991	1.2.4-beta.2	false
<=1.2.9007199254740991	1.2.7	true
<=1.2.9007199254740991	1.2.8	true
<=1.2.9007199254740991	1.3.0	false
<=1.2.9007199254740991	1.3.0-0	false
<=1.2.9007199254740991	1.4.6	false
<=1.2.9007199254740991	1.9.0	false
<=1.2.9007199254740991	2.0.0	false
<=1.2.9007199254740991	2.0.0-0	false
<=1.2.9007199254740991	2.3.4	false
<=1.2.9007199254740991	2.3.4-rc	false
<=1.2.9007199254740991	2.3.5	false
<=1.2.9007199254740991	2.9.9	false
<=1.2.9007199254740991	3.0.0	false
<=1.2.9007199254740991	3.4.5-alpha.9	false
<=1.2.9007199254740991	4.6.5	false
<=1.2.9007199254740991	5.0.0	false
<=1.2.9007199254740991	22.12.0	false
<=1.2.9007199254740991	22.20.1	false
<=1.2.9007199254740991	24.0.0	false
<=1.2.9007199254740991	24.0.5	false
<=1.2.9007199254740991	24.1.2	false
<=1.2.9007199254740991	24.1.9	false
<=1.2.9007199254740991	24.2.0	false
<=1.2.9007199254740991	24.20.0	false
<=1.2.9007199254740991	25.0.0	false
<=1.2.9007199254740991	file:vendor/a	false
<=1.2.9007199254740991	9007199254740991.0.0	false
>1.2.9007199254740991	0.0.0	false
>1.2.9007199254740991	0.0.3	false
>1.2.9007199254740991	0.0.4	false
>1.2.9007199254740991	0.1.0	false
>1.2.9007199254740991	0.2.9	false
>1.2.9007199254740991	0.9.0	false
>1.2.9007199254740991	1.0.0	false
>1.2.9007199254740991	1.0.0-rc.1	false
>1.2.9007199254740991	1.2.0	false
>1.2.9007199254740991	1.2.2	false
>1.2.9007199254740991	1.2.3	false
>1.2.9007199254740991	1.2.3-alpha.7	false
>1.2.9007199254740991	1.2.3-beta	false
>1.2.9007199254740991	1.2.3-beta.1	false
>1.2.9007199254740991	1.2.3-beta.2	false
>1.2.9007199254740991	1.2.3-beta.4	false
>1.2.9007199254740991	1.2.3-rc.1	false
>1.2.9007199254740991	1.2.4-beta.2	false
>1.2.9007199254740991	1.2.7	false
>1.2.9007199254740991	1.2.8	false
>1.2.9007199254740991	1.3.0	true
>1.2.9007199254740991	1.3.0-0	false
>1.2.9007199254740991	1.4.6	true
>1.2.9007199254740991	1.9.0	true
>1.2.9007199254740991	2.0.0	true
>1.2.9007199254740991	2.0.0-0	false
>1.2.9007199254740991	2.3.4	true
>1.2.9007199254740991	2.3.4-rc	false
>1.2.9007199254740991	2.3.5	true
>1.2.9007199254740991	2.9.9	true
>1.2.9007199254740991	3.0.0	true
>1.2.9007199254740991	3.4.5-alpha.9	false
>1.2.9007199254740991	4.6.5	true
>1.2.9007199254740991	5.0.0	true
>1.2.9007199254740991	22.12.0	true
>1.2.9007199254740991	22.20.1	true
>1.2.9007199254740991	24.0.0	true
>1.2.9007199254740991	24.0.5	true
>1.2.9007199254740991	24.1.2	true
>1.2.9007199254740991	24.1.9	true
>1.2.9007199254740991	24.2.0	true
>1.2.9007199254740991	24.20.0	true
>1.2.9007199254740991	25.0.0	true
>1.2.9007199254740991	file:vendor/a	false
>1.2.9007199254740991	9007199254740991.0.0	true
1.0.0 - 1.2.9007199254740991	0.0.0	false
1.0.0 - 1.2.9007199254740991	0.0.3	false
1.0.0 - 1.2.9007199254740991	0.0.4	false
1.0.0 - 1.2.9007199254740991	0.1.0	false
1.0.0 - 1.2.9007199254740991	0.2.9	false
1.0.0 - 1.2.9007199254740991	0.9.0	false
1.0.0 - 1.2.9007199254740991	1.0.0	true
1.0.0 - 1.2.9007199254740991	1.0.0-rc.1	false
1.0.0 - 1.2.9007199254740991	1.2.0	true
1.0.0 - 1.2.9007199254740991	1.2.2	true
1.0.0 - 1.2.9007199254740991	1.2.3	true
1.0.0 - 1.2.9007199254740991	1.2.3-alpha.7	false
1.0.0 - 1.2.9007199254740991	1.2.3-beta	false
1.0.0 - 1.2.9007199254740991	1.2.3-beta.1	false
1.0.0 - 1.2.9007199254740991	1.2.3-beta.2	false
1.0.0 - 1.2.9007199254740991	1.2.3-beta.4	false
1.0.0 - 1.2.9007199254740991	1.2.3-rc.1	false
1.0.0 - 1.2.9007199254740991	1.2.4-beta.2	false
1.0.0 - 1.2.9007199254740991	1.2.7	true
1.0.0 - 1.2.9007199254740991	1.2.8	true
1.0.0 - 1.2.9007199254740991	1.3.0	false
1.0.0 - 1.2.9007199254740991	1.3.0-0	false
1.0.0 - 1.2.9007199254740991	1.4.6	false
1.0.0 - 1.2.9007199254740991	1.9.0	false
1.0.0 - 1.2.9007199254740991	2.0.0	false
1.0.0 - 1.2.9007199254740991	2.0.0-0	false
1.0.0 - 1.2.9007199254740991	2.3.4	false
1.0.0 - 1.2.9007199254740991	2.3.4-rc	false
1.0.0 - 1.2.9007199254740991	2.3.5	false
1.0.0 - 1.2.9007199254740991	2.9.9	false
1.0.0 - 1.2.9007199254740991	3.0.0	false
1.0.0 - 1.2.9007199254740991	3.4.5-alpha.9	false
1.0.0 - 1.2.9007199254740991	4.6.5	false
1.0.0 - 1.2.9007199254740991	5.0.0	false
1.0.0 - 1.2.9007199254740991	22.12.0	false
1.0.0 - 1.2.9007199254740991	22.20.1	false
1.0.0 - 1.2.9007199254740991	24.0.0	false
1.0.0 - 1.2.9007199254740991	24.0.5	false
1.0.0 - 1.2.9007199254740991	24.1.2	false
1.0.0 - 1.2.9007199254740991	24.1.9	false
1.0.0 - 1.2.9007199254740991	24.2.0	false
1.0.0 - 1.2.9007199254740991	24.20.0	false
1.0.0 - 1.2.9007199254740991	25.0.0	false
1.0.0 - 1.2.9007199254740991	file:vendor/a	false
1.0.0 - 1.2.9007199254740991	9007199254740991.0.0	false
^1.2.9007199254740991	0.0.0	false
^1.2.9007199254740991	0.0.3	false
^1.2.9007199254740991	0.0.4	false
^1.2.9007199254740991	0.1.0	false
^1.2.9007199254740991	0.2.9	false
^1.2.9007199254740991	0.9.0	false
^1.2.9007199254740991	1.0.0	false
^1.2.9007199254740991	1.0.0-rc.1	false
^1.2.9007199254740991	1.2.0	false
^1.2.9007199254740991	1.2.2	false
^1.2.9007199254740991	1.2.3	false
^1.2.9007199254740991	1.2.3-alpha.7	false
^1.2.9007199254740991	1.2.3-beta	false
^1.2.9007199254740991	1.2.3-beta.1	false
^1.2.9007199254740991	1.2.3-beta.2	false
^1.2.9007199254740991	1.2.3-beta.4	false
^1.2.9007199254740991	1.2.3-rc.1	false
^1.2.9007199254740991	1.2.4-beta.2	false
^1.2.9007199254740991	1.2.7	false
^1.2.9007199254740991	1.2.8	false
^1.2.9007199254740991	1.3.0	true
^1.2.9007199254740991	1.3.0-0	false
^1.2.9007199254740991	1.4.6	true
^1.2.9007199254740991	1.9.0	true
^1.2.9007199254740991	2.0.0	false
^1.2.9007199254740991	2.0.0-0	false
^1.2.9007199254740991	2.3.4	false
^1.2.9007199254740991	2.3.4-rc	false
^1.2.9007199254740991	2.3.5	false
^1.2.9007199254740991	2.9.9	false
^1.2.9007199254740991	3.0.0	false
^1.2.9007199254740991	3.4.5-alpha.9	false
^1.2.9007199254740991	4.6.5	false
^1.2.9007199254740991	5.0.0	false
^1.2.9007199254740991	22.12.0	false
^1.2.9007199254740991	22.20.1	false
^1.2.9007199254740991	24.0.0	false
^1.2.9007199254740991	24.0.5	false
^1.2.9007199254740991	24.1.2	false
^1.2.9007199254740991	24.1.9	false
^1.2.9007199254740991	24.2.0	false
^1.2.9007199254740991	24.20.0	false
^1.2.9007199254740991	25.0.0	false
^1.2.9007199254740991	file:vendor/a	false
^1.2.9007199254740991	9007199254740991.0.0	false
9007199254740991.0.0	0.0.0	false
9007199254740991.0.0	0.0.3	false
9007199254740991.0.0	0.0.4	false
9007199254740991.0.0	0.1.0	false
9007199254740991.0.0	0.2.9	false
9007199254740991.0.0	0.9.0	false
9007199254740991.0.0	1.0.0	false
9007199254740991.0.0	1.0.0-rc.1	false
9007199254740991.0.0	1.2.0	false
9007199254740991.0.0	1.2.2	false
9007199254740991.0.0	1.2.3	false
9007199254740991.0.0	1.2.3-alpha.7	false
9007199254740991.0.0	1.2.3-beta	false
9007199254740991.0.0	1.2.3-beta.1	false
9007199254740991.0.0	1.2.3-beta.2	false
9007199254740991.0.0	1.2.3-beta.4	false
9007199254740991.0.0	1.2.3-rc.1	false
9007199254740991.0.0	1.2.4-beta.2	false
9007199254740991.0.0	1.2.7	false
9007199254740991.0.0	1.2.8	false
9007199254740991.0.0	1.3.0	false
9007199254740991.0.0	1.3.0-0	false
9007199254740991.0.0	1.4.6	false
9007199254740991.0.0	1.9.0	false
9007199254740991.0.0	2.0.0	false
9007199254740991.0.0	2.0.0-0	false
9007199254740991.0.0	2.3.4	false
9007199254740991.0.0	2.3.4-rc	false
9007199254740991.0.0	2.3.5	false
9007199254740991.0.0	2.9.9	false
9007199254740991.0.0	3.0.0	false
9007199254740991.0.0	3.4.5-alpha.9	false
9007199254740991.0.0	4.6.5	false
9007199254740991.0.0	5.0.0	false
9007199254740991.0.0	22.12.0	false
9007199254740991.0.0	22.20.1	false
9007199254740991.0.0	24.0.0	false
9007199254740991.0.0	24.0.5	false
9007199254740991.0.0	24.1.2	false
9007199254740991.0.0	24.1.9	false
9007199254740991.0.0	24.2.0	false
9007199254740991.0.0	24.20.0	false
9007199254740991.0.0	25.0.0	false
9007199254740991.0.0	file:vendor/a	false
9007199254740991.0.0	9007199254740991.0.0	true
<=18446744073709551615	-	invalid
>1.18446744073709551615	-	invalid
^20.19.0 || >=22.12.0	0.0.0	false
^20.19.0 || >=22.12.0	0.0.3	false
^20.19.0 || >=22.12.0	0.0.4	false
^20.19.0 || >=22.12.0	0.1.0	false
^20.19.0 || >=22.12.0	0.2.9	false
^20.19.0 || >=22.12.0	0.9.0	false
^20.19.0 || >=22.12.0	1.0.0	false
^20.19.0 || >=22.12.0	1.0.0-rc.1	false
^20.19.0 || >=22.12.0	1.2.0	false
^20.19.0 || >=22.12.0	1.2.2	false
^20.19.0 || >=22.12.0	1.2.3	false
^20.19.0 || >=22.12.0	1.2.3-alpha.7	false
^20.19.0 || >=22.12.0	1.2.3-beta	false
^20.19.0 || >=22.12.0	1.2.3-beta.1	false
^20.19.0 || >=22.12.0	1.2.3-beta.2	false
^20.19.0 || >=22.12.0	1.2.3-beta.4	false
^20.19.0 || >=22.12.0	1.2.3-rc.1	false
^20.19.0 || >=22.12.0	1.2.4-beta.2	false
^20.19.0 || >=22.12.0	1.2.7	false
^20.19.0 || >=22.12.0	1.2.8	false
^20.19.0 || >=22.12.0	1.3.0	false
^20.19.0 || >=22.12.0	1.3.0-0	false
^20.19.0 || >=22.12.0	1.4.6	false
^20.19.0 || >=22.12.0	1.9.0	false
^20.19.0 || >=22.12.0	2.0.0	false
^20.19.0 || >=22.12.0	2.0.0-0	false
^20.19.0 || >=22.12.0	2.3.4	false
^20.19.0 || >=22.12.0	2.3.4-rc	false
^20.19.0 || >=22.12.0	2.3.5	false
^20.19.0 || >=22.12.0	2.9.9	false
^20.19.0 || >=22.12.0	3.0.0	false
^20.19.0 || >=22.12.0	3.4.5-alpha.9	false
^20.19.0 || >=22.12.0	4.6.5	false
^20.19.0 || >=22.12.0	5.0.0	false
^20.19.0 || >=22.12.0	22.12.0	true
^20.19.0 || >=22.12.0	22.20.1	true
^20.19.0 || >=22.12.0	24.0.0	true
^20.19.0 || >=22.12.0	24.0.5	true
^20.19.0 || >=22.12.0	24.1.2	true
^20.19.0 || >=22.12.0	24.1.9	true
^20.19.0 || >=22.12.0	24.2.0	true
^20.19.0 || >=22.12.0	24.20.0	true
^20.19.0 || >=22.12.0	25.0.0	true
^20.19.0 || >=22.12.0	file:vendor/a	false
^20.19.0 || >=22.12.0	9007199254740991.0.0	true
>=18.1 <19 || 22.x||=24.2.0	0.0.0	false
>=18.1 <19 || 22.x||=24.2.0	0.0.3	false
>=18.1 <19 || 22.x||=24.2.0	0.0.4	false
>=18.1 <19 || 22.x||=24.2.0	0.1.0	false
>=18.1 <19 || 22.x||=24.2.0	0.2.9	false
>=18.1 <19 || 22.x||=24.2.0	0.9.0	false
>=18.1 <19 || 22.x||=24.2.0	1.0.0	false
>=18.1 <19 || 22.x||=24.2.0	1.0.0-rc.1	false
>=18.1 <19 || 22.x||=24.2.0	1.2.0	false
>=18.1 <19 || 22.x||=24.2.0	1.2.2	false
>=18.1 <19 || 22.x||=24.2.0	1.2.3	false
>=18.1 <19 || 22.x||=24.2.0	1.2.3-alpha.7	false
>=18.1 <19 || 22.x||=24.2.0	1.2.3-beta	false
>=18.1 <19 || 22.x||=24.2.0	1.2.3-beta.1	false
>=18.1 <19 || 22.x||=24.2.0	1.2.3-beta.2	false
>=18.1 <19 || 22.x||=24.2.0	1.2.3-beta.4	false
>=18.1 <19 || 22.x||=24.2.0	1.2.3-rc.1	false
>=18.1 <19 || 22.x||=24.2.0	1.2.4-beta.2	false
>=18.1 <19 || 22.x||=24.2.0	1.2.7	false
>=18.1 <19 || 22.x||=24.2.0	1.2.8	false
>=18.1 <19 || 22.x||=24.2.0	1.3.0	false
>=18.1 <19 || 22.x||=24.2.0	1.3.0-0	false
>=18.1 <19 || 22.x||=24.2.0	1.4.6	false
>=18.1 <19 || 22.x||=24.2.0	1.9.0	false
>=18.1 <19 || 22.x||=24.2.0	2.0.0	false
>=18.1 <19 || 22.x||=24.2.0	2.0.0-0	false
>=18.1 <19 || 22.x||=24.2.0	2.3.4	false
>=18.1 <19 || 22.x||=24.2.0	2.3.4-rc	false
>=18.1 <19 || 22.x||=24.2.0	2.3.5	false
>=18.1 <19 || 22.x||=24.2.0	2.9.9	false
>=18.1 <19 || 22.x||=24.2.0	3.0.0	false
>=18.1 <19 || 22.x||=24.2.0	3.4.5-alpha.9	false
>=18.1 <19 || 22.x||=24.2.0	4.6.5	false
>=18.1 <19 || 22.x||=24.2.0	5.0.0	false
>=18.1 <19 || 22.x||=24.2.0	22.12.0	true
>=18.1 <19 || 22.x||=24.2.0	22.20.1	true
>=18.1 <19 || 22.x||=24.2.0	24.0.0	false
>=18.1 <19 || 22.x||=24.2.0	24.0.5	false
>=18.1 <19 || 22.x||=24.2.0	24.1.2	false
>=18.1 <19 || 22.x||=24.2.0	24.1.9	false
>=18.1 <19 || 22.x||=24.2.0	24.2.0	true
>=18.1 <19 || 22.x||=24.2.0	24.20.0	false
>=18.1 <19 || 22.x||=24.2.0	25.0.0	false
>=18.1 <19 || 22.x||=24.2.0	file:vendor/a	false
>=18.1 <19 || 22.x||=24.2.0	9007199254740991.0.0	false
^20 || *	0.0.0	true
^20 || *	0.0.3	true
^20 || *	0.0.4	true
^20 || *	0.1.0	true
^20 || *	0.2.9	true
^20 || *	0.9.0	true
^20 || *	1.0.0	true
^20 || *	1.0.0-rc.1	false
^20 || *	1.2.0	true
^20 || *	1.2.2	true
^20 || *	1.2.3	true
^20 || *	1.2.3-alpha.7	false
^20 || *	1.2.3-beta	false
^20 || *	1.2.3-beta.1	false
^20 || *	1.2.3-beta.2	false
^20 || *	1.2.3-beta.4	false
^20 || *	1.2.3-rc.1	false
^20 || *	1.2.4-beta.2	false
^20 || *	1.2.7	true
^20 || *	1.2.8	true
^20 || *	1.3.0	true
^20 || *	1.3.0-0	false
^20 || *	1.4.6	true
^20 || *	1.9.0	true
^20 || *	2.0.0	true
^20 || *	2.0.0-0	false
^20 || *	2.3.4	true
^20 || *	2.3.4-rc	false
^20 || *	2.3.5	true
^20 || *	2.9.9	true
^20 || *	3.0.0	true
^20 || *	3.4.5-alpha.9	false
^20 || *	4.6.5	true
^20 || *	5.0.0	true
^20 || *	22.12.0	true
^20 || *	22.20.1	true
^20 || *	24.0.0	true
^20 || *	24.0.5	true
^20 || *	24.1.2	true
^20 || *	24.1.9	true
^20 || *	24.2.0	true
^20 || *	24.20.0	true
^20 || *	25.0.0	true
^20 || *	file:vendor/a	false
^20 || *	9007199254740991.0.0	true
^20 ||	0.0.0	true
^20 ||	0.0.3	true
^20 ||	0.0.4	true
^20 ||	0.1.0	true
^20 ||	0.2.9	true
^20 ||	0.9.0	true
^20 ||	1.0.0	true
^20 ||	1.0.0-rc.1	false
^20 ||	1.2.0	true
^20 ||	1.2.2	true
^20 ||	1.2.3	true
^20 ||	1.2.3-alpha.7	false
^20 ||	1.2.3-beta	false
^20 ||	1.2.3-beta.1	false
^20 ||	1.2.3-beta.2	false
^20 ||	1.2.3-beta.4	false
^20 ||	1.2.3-rc.1	false
^20 ||	1.2.4-beta.2	false
^20 ||	1.2.7	true
^20 ||	1.2.8	true
^20 ||	1.3.0	true
^20 ||	1.3.0-0	false
^20 ||	1.4.6	true
^20 ||	1.9.0	true
^20 ||	2.0.0	true
^20 ||	2.0.0-0	false
^20 ||	2.3.4	true
^20 ||	2.3.4-rc	false
^20 ||	2.3.5	true
^20 ||	2.9.9	true
^20 ||	3.0.0	true
^20 ||	3.4.5-alpha.9	false
^20 ||	4.6.5	true
^20 ||	5.0.0	true
^20 ||	22.12.0	true
^20 ||	22.20.1	true
^20 ||	24.0.0	true
^20 ||	24.0.5	true
^20 ||	24.1.2	true
^20 ||	24.1.9	true
^20 ||	24.2.0	true
^20 ||	24.20.0	true
^20 ||	25.0.0	true
^20 ||	file:vendor/a	false
^20 ||	9007199254740991.0.0	true
|| ^20	0.0.0	true
|| ^20	0.0.3	true
|| ^20	0.0.4	true
|| ^20	0.1.0	true
|| ^20	0.2.9	true
|| ^20	0.9.0	true
|| ^20	1.0.0	true
|| ^20	1.0.0-rc.1	false
|| ^20	1.2.0	true
|| ^20	1.2.2	true
|| ^20	1.2.3	true
|| ^20	1.2.3-alpha.7	false
|| ^20	1.2.3-beta	false
|| ^20	1.2.3-beta.1	false
|| ^20	1.2.3-beta.2	false
|| ^20	1.2.3-beta.4	false
|| ^20	1.2.3-rc.1	false
|| ^20	1.2.4-beta.2	false
|| ^20	1.2.7	true
|| ^20	1.2.8	true
|| ^20	1.3.0	true
|| ^20	1.3.0-0	false
|| ^20	1.4.6	true
|| ^20	1.9.0	true
|| ^20	2.0.0	true
|| ^20	2.0.0-0	false
|| ^20	2.3.4	true
|| ^20	2.3.4-rc	false
|| ^20	2.3.5	true
|| ^20	2.9.9	true
|| ^20	3.0.0	true
|| ^20	3.4.5-alpha.9	false
|| ^20	4.6.5	true
|| ^20	5.0.0	true
|| ^20	22.12.0	true
|| ^20	22.20.1	true
|| ^20	24.0.0	true
|| ^20	24.0.5	true
|| ^20	24.1.2	true
|| ^20	24.1.9	true
|| ^20	24.2.0	true
|| ^20	24.20.0	true
|| ^20	25.0.0	true
|| ^20	file:vendor/a	false
|| ^20	9007199254740991.0.0	true
	0.0.0	true
	0.0.3	true
	0.0.4	true
	0.1.0	true
	0.2.9	true
	0.9.0	true
	1.0.0	true
	1.0.0-rc.1	false
	1.2.0	true
	1.2.2	true
	1.2.3	true
	1.2.3-alpha.7	false
	1.2.3-beta	false
	1.2.3-beta.1	false
	1.2.3-beta.2	false
	1.2.3-beta.4	false
	1.2.3-rc.1	false
	1.2.4-beta.2	false
	1.2.7	true
	1.2.8	true
	1.3.0	true
	1.3.0-0	false
	1.4.6	true
	1.9.0	true
	2.0.0	true
	2.0.0-0	false
	2.3.4	true
	2.3.4-rc	false
	2.3.5	true
	2.9.9	true
	3.0.0	true
	3.4.5-alpha.9	false
	4.6.5	true
	5.0.0	true
	22.12.0	true
	22.20.1	true
	24.0.0	true
	24.0.5	true
	24.1.2	true
	24.1.9	true
	24.2.0	true
	24.20.0	true
	25.0.0	true
	file:vendor/a	false
	9007199254740991.0.0	true
   	0.0.0	true
   	0.0.3	true
   	0.0.4	true
   	0.1.0	true
   	0.2.9	true
   	0.9.0	true
   	1.0.0	true
   	1.0.0-rc.1	false
   	1.2.0	true
   	1.2.2	true
   	1.2.3	true
   	1.2.3-alpha.7	false
   	1.2.3-beta	false
   	1.2.3-beta.1	false
   	1.2.3-beta.2	false
   	1.2.3-beta.4	false
   	1.2.3-rc.1	false
   	1.2.4-beta.2	false
   	1.2.7	true
   	1.2.8	true
   	1.3.0	true
   	1.3.0-0	false
   	1.4.6	true
   	1.9.0	true
   	2.0.0	true
   	2.0.0-0	false
   	2.3.4	true
   	2.3.4-rc	false
   	2.3.5	true
   	2.9.9	true
   	3.0.0	true
   	3.4.5-alpha.9	false
   	4.6.5	true
   	5.0.0	true
   	22.12.0	true
   	22.20.1	true
   	24.0.0	true
   	24.0.5	true
   	24.1.2	true
   	24.1.9	true
   	24.2.0	true
   	24.20.0	true
   	25.0.0	true
   	file:vendor/a	false
   	9007199254740991.0.0	true
18 - 20 || > 22	0.0.0	false
18 - 20 || > 22	0.0.3	false
18 - 20 || > 22	0.0.4	false
18 - 20 || > 22	0.1.0	false
18 - 20 || > 22	0.2.9	false
18 - 20 || > 22	0.9.0	false
18 - 20 || > 22	1.0.0	false
18 - 20 || > 22	1.0.0-rc.1	false
18 - 20 || > 22	1.2.0	false
18 - 20 || > 22	1.2.2	false
18 - 20 || > 22	1.2.3	false
18 - 20 || > 22	1.2.3-alpha.7	false
18 - 20 || > 22	1.2.3-beta	false
18 - 20 || > 22	1.2.3-beta.1	false
18 - 20 || > 22	1.2.3-beta.2	false
18 - 20 || > 22	1.2.3-beta.4	false
18 - 20 || > 22	1.2.3-rc.1	false
18 - 20 || > 22	1.2.4-beta.2	false
18 - 20 || > 22	1.2.7	false
18 - 20 || > 22	1.2.8	false
18 - 20 || > 22	1.3.0	false
18 - 20 || > 22	1.3.0-0	false
18 - 20 || > 22	1.4.6	false
18 - 20 || > 22	1.9.0	false
18 - 20 || > 22	2.0.0	false
18 - 20 || > 22	2.0.0-0	false
18 - 20 || > 22	2.3.4	false
18 - 20 || > 22	2.3.4-rc	false
18 - 20 || > 22	2.3.5	false
18 - 20 || > 22	2.9.9	false
18 - 20 || > 22	3.0.0	false
18 - 20 || > 22	3.4.5-alpha.9	false
18 - 20 || > 22	4.6.5	false
18 - 20 || > 22	5.0.0	false
18 - 20 || > 22	22.12.0	false
18 - 20 || > 22	22.20.1	false
18 - 20 || > 22	24.0.0	true
18 - 20 || > 22	24.0.5	true
18 - 20 || > 22	24.1.2	true
18 - 20 || > 22	24.1.9	true
18 - 20 || > 22	24.2.0	true
18 - 20 || > 22	24.20.0	true
18 - 20 || > 22	25.0.0	true
18 - 20 || > 22	file:vendor/a	false
18 - 20 || > 22	9007199254740991.0.0	true
==1.2.3	-	invalid
==1.2	0.0.0	false
==1.2	0.0.3	false
==1.2	0.0.4	false
==1.2	0.1.0	false
==1.2	0.2.9	false
==1.2	0.9.0	false
==1.2	1.0.0	false
==1.2	1.0.0-rc.1	false
==1.2	1.2.0	true
==1.2	1.2.2	true
==1.2	1.2.3	true
==1.2	1.2.3-alpha.7	false
==1.2	1.2.3-beta	false
==1.2	1.2.3-beta.1	false
==1.2	1.2.3-beta.2	false
==1.2	1.2.3-beta.4	false
==1.2	1.2.3-rc.1	false
==1.2	1.2.4-beta.2	false
==1.2	1.2.7	true
==1.2	1.2.8	true
==1.2	1.3.0	false
==1.2	1.3.0-0	false
==1.2	1.4.6	false
==1.2	1.9.0	false
==1.2	2.0.0	false
==1.2	2.0.0-0	false
==1.2	2.3.4	false
==1.2	2.3.4-rc	false
==1.2	2.3.5	false
==1.2	2.9.9	false
==1.2	3.0.0	false
==1.2	3.4.5-alpha.9	false
==1.2	4.6.5	false
==1.2	5.0.0	false
==1.2	22.12.0	false
==1.2	22.20.1	false
==1.2	24.0.0	false
==1.2	24.0.5	false
==1.2	24.1.2	false
==1.2	24.1.9	false
==1.2	24.2.0	false
==1.2	24.20.0	false
==1.2	25.0.0	false
==1.2	file:vendor/a	false
==1.2	9007199254740991.0.0	false
>==1.2	0.0.0	false
>==1.2	0.0.3	false
>==1.2	0.0.4	false
>==1.2	0.1.0	false
>==1.2	0.2.9	false
>==1.2	0.9.0	false
>==1.2	1.0.0	false
>==1.2	1.0.0-rc.1	false
>==1.2	1.2.0	true
>==1.2	1.2.2	true
>==1.2	1.2.3	true
>==1.2	1.2.3-alpha.7	false
>==1.2	1.2.3-beta	false
>==1.2	1.2.3-beta.1	false
>==1.2	1.2.3-beta.2	false
>==1.2	1.2.3-beta.4	false
>==1.2	1.2.3-rc.1	false
>==1.2	1.2.4-beta.2	false
>==1.2	1.2.7	true
>==1.2	1.2.8	true
>==1.2	1.3.0	true
>==1.2	1.3.0-0	false
>==1.2	1.4.6	true
>==1.2	1.9.0	true
>==1.2	2.0.0	true
>==1.2	2.0.0-0	false
>==1.2	2.3.4	true
>==1.2	2.3.4-rc	false
>==1.2	2.3.5	true
>==1.2	2.9.9	true
>==1.2	3.0.0	true
>==1.2	3.4.5-alpha.9	false
>==1.2	4.6.5	true
>==1.2	5.0.0	true
>==1.2	22.12.0	true
>==1.2	22.20.1	true
>==1.2	24.0.0	true
>==1.2	24.0.5	true
>==1.2	24.1.2	true
>==1.2	24.1.9	true
>==1.2	24.2.0	true
>==1.2	24.20.0	true
>==1.2	25.0.0	true
>==1.2	file:vendor/a	false
>==1.2	9007199254740991.0.0	true
>==1.2.3	-	invalid
=v1.2	0.0.0	false
=v1.2	0.0.3	false
=v1.2	0.0.4	false
=v1.2	0.1.0	false
=v1.2	0.2.9	false
=v1.2	0.9.0	false
=v1.2	1.0.0	false
=v1.2	1.0.0-rc.1	false
=v1.2	1.2.0	true
=v1.2	1.2.2	true
=v1.2	1.2.3	true
=v1.2	1.2.3-alpha.7	false
=v1.2	1.2.3-beta	false
=v1.2	1.2.3-beta.1	false
=v1.2	1.2.3-beta.2	false
=v1.2	1.2.3-beta.4	false
=v1.2	1.2.3-rc.1	false
=v1.2	1.2.4-beta.2	false
=v1.2	1.2.7	true
=v1.2	1.2.8	true
=v1.2	1.3.0	false
=v1.2	1.3.0-0	false
=v1.2	1.4.6	false
=v1.2	1.9.0	false
=v1.2	2.0.0	false
=v1.2	2.0.0-0	false
=v1.2	2.3.4	false
=v1.2	2.3.4-rc	false
=v1.2	2.3.5	false
=v1.2	2.9.9	false
=v1.2	3.0.0	false
=v1.2	3.4.5-alpha.9	false
=v1.2	4.6.5	false
=v1.2	5.0.0	false
=v1.2	22.12.0	false
=v1.2	22.20.1	false
=v1.2	24.0.0	false
=v1.2	24.0.5	false
=v1.2	24.1.2	false
=v1.2	24.1.9	false
=v1.2	24.2.0	false
=v1.2	24.20.0	false
=v1.2	25.0.0	false
=v1.2	file:vendor/a	false
=v1.2	9007199254740991.0.0	false
=v1.2.3	0.0.0	false
=v1.2.3	0.0.3	false
=v1.2.3	0.0.4	false
=v1.2.3	0.1.0	false
=v1.2.3	0.2.9	false
=v1.2.3	0.9.0	false
=v1.2.3	1.0.0	false
=v1.2.3	1.0.0-rc.1	false
=v1.2.3	1.2.0	false
=v1.2.3	1.2.2	false
=v1.2.3	1.2.3	true
=v1.2.3	1.2.3-alpha.7	false
=v1.2.3	1.2.3-beta	false
=v1.2.3	1.2.3-beta.1	false
=v1.2.3	1.2.3-beta.2	false
=v1.2.3	1.2.3-beta.4	false
=v1.2.3	1.2.3-rc.1	false
=v1.2.3	1.2.4-beta.2	false
=v1.2.3	1.2.7	false
=v1.2.3	1.2.8	false
=v1.2.3	1.3.0	false
=v1.2.3	1.3.0-0	false
=v1.2.3	1.4.6	false
=v1.2.3	1.9.0	false
=v1.2.3	2.0.0	false
=v1.2.3	2.0.0-0	false
=v1.2.3	2.3.4	false
=v1.2.3	2.3.4-rc	false
=v1.2.3	2.3.5	false
=v1.2.3	2.9.9	false
=v1.2.3	3.0.0	false
=v1.2.3	3.4.5-alpha.9	false
=v1.2.3	4.6.5	false
=v1.2.3	5.0.0	false
=v1.2.3	22.12.0	false
=v1.2.3	22.20.1	false
=v1.2.3	24.0.0	false
=v1.2.3	24.0.5	false
=v1.2.3	24.1.2	false
=v1.2.3	24.1.9	false
=v1.2.3	24.2.0	false
=v1.2.3	24.20.0	false
=v1.2.3	25.0.0	false
=v1.2.3	file:vendor/a	false
=v1.2.3	9007199254740991.0.0	false
v=1.2.3	-	invalid
vv1.2	0.0.0	false
vv1.2	0.0.3	false
vv1.2	0.0.4	false
vv1.2	0.1.0	false
vv1.2	0.2.9	false
vv1.2	0.9.0	false
vv1.2	1.0.0	false
vv1.2	1.0.0-rc.1	false
vv1.2	1.2.0	true
vv1.2	1.2.2	true
vv1.2	1.2.3	true
vv1.2	1.2.3-alpha.7	false
vv1.2	1.2.3-beta	false
vv1.2	1.2.3-beta.1	false
vv1.2	1.2.3-beta.2	false
vv1.2	1.2.3-beta.4	false
vv1.2	1.2.3-rc.1	false
vv1.2	1.2.4-beta.2	false
vv1.2	1.2.7	true
vv1.2	1.2.8	true
vv1.2	1.3.0	false
vv1.2	1.3.0-0	false
vv1.2	1.4.6	false
vv1.2	1.9.0	false
vv1.2	2.0.0	false
vv1.2	2.0.0-0	false
vv1.2	2.3.4	false
vv1.2	2.3.4-rc	false
vv1.2	2.3.5	false
vv1.2	2.9.9	false
vv1.2	3.0.0	false
vv1.2	3.4.5-alpha.9	false
vv1.2	4.6.5	false
vv1.2	5.0.0	false
vv1.2	22.12.0	false
vv1.2	22.20.1	false
vv1.2	24.0.0	false
vv1.2	24.0.5	false
vv1.2	24.1.2	false
vv1.2	24.1.9	false
vv1.2	24.2.0	false
vv1.2	24.20.0	false
vv1.2	25.0.0	false
vv1.2	file:vendor/a	false
vv1.2	9007199254740991.0.0	false
vv1.2.3	-	invalid
^=1.2.3	0.0.0	false
^=1.2.3	0.0.3	false
^=1.2.3	0.0.4	false
^=1.2.3	0.1.0	false
^=1.2.3	0.2.9	false
^=1.2.3	0.9.0	false
^=1.2.3	1.0.0	false
^=1.2.3	1.0.0-rc.1	false
^=1.2.3	1.2.0	false
^=1.2.3	1.2.2	false
^=1.2.3	1.2.3	true
^=1.2.3	1.2.3-alpha.7	false
^=1.2.3	1.2.3-beta	false
^=1.2.3	1.2.3-beta.1	false
^=1.2.3	1.2.3-beta.2	false
^=1.2.3	1.2.3-beta.4	false
^=1.2.3	1.2.3-rc.1	false
^=1.2.3	1.2.4-beta.2	false
^=1.2.3	1.2.7	true
^=1.2.3	1.2.8	true
^=1.2.3	1.3.0	true
^=1.2.3	1.3.0-0	false
^=1.2.3	1.4.6	true
^=1.2.3	1.9.0	true
^=1.2.3	2.0.0	false
^=1.2.3	2.0.0-0	false
^=1.2.3	2.3.4	false
^=1.2.3	2.3.4-rc	false
^=1.2.3	2.3.5	false
^=1.2.3	2.9.9	false
^=1.2.3	3.0.0	false
^=1.2.3	3.4.5-alpha.9	false
^=1.2.3	4.6.5	false
^=1.2.3	5.0.0	false
^=1.2.3	22.12.0	false
^=1.2.3	22.20.1	false
^=1.2.3	24.0.0	false
^=1.2.3	24.0.5	false
^=1.2.3	24.1.2	false
^=1.2.3	24.1.9	false
^=1.2.3	24.2.0	false
^=1.2.3	24.20.0	false
^=1.2.3	25.0.0	false
^=1.2.3	file:vendor/a	false
^=1.2.3	9007199254740991.0.0	false
^v1.2.3	0.0.0	false
^v1.2.3	0.0.3	false
^v1.2.3	0.0.4	false
^v1.2.3	0.1.0	false
^v1.2.3	0.2.9	false
^v1.2.3	0.9.0	false
^v1.2.3	1.0.0	false
^v1.2.3	1.0.0-rc.1	false
^v1.2.3	1.2.0	false
^v1.2.3	1.2.2	false
^v1.2.3	1.2.3	true
^v1.2.3	1.2.3-alpha.7	false
^v1.2.3	1.2.3-beta	false
^v1.2.3	1.2.3-beta.1	false
^v1.2.3	1.2.3-beta.2	false
^v1.2.3	1.2.3-beta.4	false
^v1.2.3	1.2.3-rc.1	false
^v1.2.3	1.2.4-beta.2	false
^v1.2.3	1.2.7	true
^v1.2.3	1.2.8	true
^v1.2.3	1.3.0	true
^v1.2.3	1.3.0-0	false
^v1.2.3	1.4.6	true
^v1.2.3	1.9.0	true
^v1.2.3	2.0.0	false
^v1.2.3	2.0.0-0	false
^v1.2.3	2.3.4	false
^v1.2.3	2.3.4-rc	false
^v1.2.3	2.3.5	false
^v1.2.3	2.9.9	false
^v1.2.3	3.0.0	false
^v1.2.3	3.4.5-alpha.9	false
^v1.2.3	4.6.5	false
^v1.2.3	5.0.0	false
^v1.2.3	22.12.0	false
^v1.2.3	22.20.1	false
^v1.2.3	24.0.0	false
^v1.2.3	24.0.5	false
^v1.2.3	24.1.2	false
^v1.2.3	24.1.9	false
^v1.2.3	24.2.0	false
^v1.2.3	24.20.0	false
^v1.2.3	25.0.0	false
^v1.2.3	file:vendor/a	false
^v1.2.3	9007199254740991.0.0	false
^==1.2.3	0.0.0	false
^==1.2.3	0.0.3	false
^==1.2.3	0.0.4	false
^==1.2.3	0.1.0	false
^==1.2.3	0.2.9	false
^==1.2.3	0.9.0	false
^==1.2.3	1.0.0	false
^==1.2.3	1.0.0-rc.1	false
^==1.2.3	1.2.0	false
^==1.2.3	1.2.2	false
^==1.2.3	1.2.3	true
^==1.2.3	1.2.3-alpha.7	false
^==1.2.3	1.2.3-beta	false
^==1.2.3	1.2.3-beta.1	false
^==1.2.3	1.2.3-beta.2	false
^==1.2.3	1.2.3-beta.4	false
^==1.2.3	1.2.3-rc.1	false
^==1.2.3	1.2.4-beta.2	false
^==1.2.3	1.2.7	true
^==1.2.3	1.2.8	true
^==1.2.3	1.3.0	true
^==1.2.3	1.3.0-0	false
^==1.2.3	1.4.6	true
^==1.2.3	1.9.0	true
^==1.2.3	2.0.0	false
^==1.2.3	2.0.0-0	false
^==1.2.3	2.3.4	false
^==1.2.3	2.3.4-rc	false
^==1.2.3	2.3.5	false
^==1.2.3	2.9.9	false
^==1.2.3	3.0.0	false
^==1.2.3	3.4.5-alpha.9	false
^==1.2.3	4.6.5	false
^==1.2.3	5.0.0	false
^==1.2.3	22.12.0	false
^==1.2.3	22.20.1	false
^==1.2.3	24.0.0	false
^==1.2.3	24.0.5	false
^==1.2.3	24.1.2	false
^==1.2.3	24.1.9	false
^==1.2.3	24.2.0	false
^==1.2.3	24.20.0	false
^==1.2.3	25.0.0	false
^==1.2.3	file:vendor/a	false
^==1.2.3	9007199254740991.0.0	false
~=1.2	0.0.0	false
~=1.2	0.0.3	false
~=1.2	0.0.4	false
~=1.2	0.1.0	false
~=1.2	0.2.9	false
~=1.2	0.9.0	false
~=1.2	1.0.0	false
~=1.2	1.0.0-rc.1	false
~=1.2	1.2.0	true
~=1.2	1.2.2	true
~=1.2	1.2.3	true
~=1.2	1.2.3-alpha.7	false
~=1.2	1.2.3-beta	false
~=1.2	1.2.3-beta.1	false
~=1.2	1.2.3-beta.2	false
~=1.2	1.2.3-beta.4	false
~=1.2	1.2.3-rc.1	false
~=1.2	1.2.4-beta.2	false
~=1.2	1.2.7	true
~=1.2	1.2.8	true
~=1.2	1.3.0	false
~=1.2	1.3.0-0	false
~=1.2	1.4.6	false
~=1.2	1.9.0	false
~=1.2	2.0.0	false
~=1.2	2.0.0-0	false
~=1.2	2.3.4	false
~=1.2	2.3.4-rc	false
~=1.2	2.3.5	false
~=1.2	2.9.9	false
~=1.2	3.0.0	false
~=1.2	3.4.5-alpha.9	false
~=1.2	4.6.5	false
~=1.2	5.0.0	false
~=1.2	22.12.0	false
~=1.2	22.20.1	false
~=1.2	24.0.0	false
~=1.2	24.0.5	false
~=1.2	24.1.2	false
~=1.2	24.1.9	false
~=1.2	24.2.0	false
~=1.2	24.20.0	false
~=1.2	25.0.0	false
~=1.2	file:vendor/a	false
~=1.2	9007199254740991.0.0	false
~>1.2	0.0.0	false
~>1.2	0.0.3	false
~>1.2	0.0.4	false
~>1.2	0.1.0	false
~>1.2	0.2.9	false
~>1.2	0.9.0	false
~>1.2	1.0.0	false
~>1.2	1.0.0-rc.1	false
~>1.2	1.2.0	true
~>1.2	1.2.2	true
~>1.2	1.2.3	true
~>1.2	1.2.3-alpha.7	false
~>1.2	1.2.3-beta	false
~>1.2	1.2.3-beta.1	false
~>1.2	1.2.3-beta.2	false
~>1.2	1.2.3-beta.4	false
~>1.2	1.2.3-rc.1	false
~>1.2	1.2.4-beta.2	false
~>1.2	1.2.7	true
~>1.2	1.2.8	true
~>1.2	1.3.0	false
~>1.2	1.3.0-0	false
~>1.2	1.4.6	false
~>1.2	1.9.0	false
~>1.2	2.0.0	false
~>1.2	2.0.0-0	false
~>1.2	2.3.4	false
~>1.2	2.3.4-rc	false
~>1.2	2.3.5	false
~>1.2	2.9.9	false
~>1.2	3.0.0	false
~>1.2	3.4.5-alpha.9	false
~>1.2	4.6.5	false
~>1.2	5.0.0	false
~>1.2	22.12.0	false
~>1.2	22.20.1	false
~>1.2	24.0.0	false
~>1.2	24.0.5	false
~>1.2	24.1.2	false
~>1.2	24.1.9	false
~>1.2	24.2.0	false
~>1.2	24.20.0	false
~>1.2	25.0.0	false
~>1.2	file:vendor/a	false
~>1.2	9007199254740991.0.0	false
~> 1.2	0.0.0	false
~> 1.2	0.0.3	false
~> 1.2	0.0.4	false
~> 1.2	0.1.0	false
~> 1.2	0.2.9	false
~> 1.2	0.9.0	false
~> 1.2	1.0.0	false
~> 1.2	1.0.0-rc.1	false
~> 1.2	1.2.0	true
~> 1.2	1.2.2	true
~> 1.2	1.2.3	true
~> 1.2	1.2.3-alpha.7	false
~> 1.2	1.2.3-beta	false
~> 1.2	1.2.3-beta.1	false
~> 1.2	1.2.3-beta.2	false
~> 1.2	1.2.3-beta.4	false
~> 1.2	1.2.3-rc.1	false
~> 1.2	1.2.4-beta.2	false
~> 1.2	1.2.7	true
~> 1.2	1.2.8	true
~> 1.2	1.3.0	false
~> 1.2	1.3.0-0	false
~> 1.2	1.4.6	false
~> 1.2	1.9.0	false
~> 1.2	2.0.0	false
~> 1.2	2.0.0-0	false
~> 1.2	2.3.4	false
~> 1.2	2.3.4-rc	false
~> 1.2	2.3.5	false
~> 1.2	2.9.9	false
~> 1.2	3.0.0	false
~> 1.2	3.4.5-alpha.9	false
~> 1.2	4.6.5	false
~> 1.2	5.0.0	false
~> 1.2	22.12.0	false
~> 1.2	22.20.1	false
~> 1.2	24.0.0	false
~> 1.2	24.0.5	false
~> 1.2	24.1.2	false
~> 1.2	24.1.9	false
~> 1.2	24.2.0	false
~> 1.2	24.20.0	false
~> 1.2	25.0.0	false
~> 1.2	file:vendor/a	false
~> 1.2	9007199254740991.0.0	false
~>=1.2	0.0.0	false
~>=1.2	0.0.3	false
~>=1.2	0.0.4	false
~>=1.2	0.1.0	false
~>=1.2	0.2.9	false
~>=1.2	0.9.0	false
~>=1.2	1.0.0	false
~>=1.2	1.0.0-rc.1	false
~>=1.2	1.2.0	true
~>=1.2	1.2.2	true
~>=1.2	1.2.3	true
~>=1.2	1.2.3-alpha.7	false
~>=1.2	1.2.3-beta	false
~>=1.2	1.2.3-beta.1	false
~>=1.2	1.2.3-beta.2	false
~>=1.2	1.2.3-beta.4	false
~>=1.2	1.2.3-rc.1	false
~>=1.2	1.2.4-beta.2	false
~>=1.2	1.2.7	true
~>=1.2	1.2.8	true
~>=1.2	1.3.0	false
~>=1.2	1.3.0-0	false
~>=1.2	1.4.6	false
~>=1.2	1.9.0	false
~>=1.2	2.0.0	false
~>=1.2	2.0.0-0	false
~>=1.2	2.3.4	false
~>=1.2	2.3.4-rc	false
~>=1.2	2.3.5	false
~>=1.2	2.9.9	false
~>=1.2	3.0.0	false
~>=1.2	3.4.5-alpha.9	false
~>=1.2	4.6.5	false
~>=1.2	5.0.0	false
~>=1.2	22.12.0	false
~>=1.2	22.20.1	false
~>=1.2	24.0.0	false
~>=1.2	24.0.5	false
~>=1.2	24.1.2	false
~>=1.2	24.1.9	false
~>=1.2	24.2.0	false
~>=1.2	24.20.0	false
~>=1.2	25.0.0	false
~>=1.2	file:vendor/a	false
~>=1.2	9007199254740991.0.0	false
>=v1.2.3	0.0.0	false
>=v1.2.3	0.0.3	false
>=v1.2.3	0.0.4	false
>=v1.2.3	0.1.0	false
>=v1.2.3	0.2.9	false
>=v1.2.3	0.9.0	false
>=v1.2.3	1.0.0	false
>=v1.2.3	1.0.0-rc.1	false
>=v1.2.3	1.2.0	false
>=v1.2.3	1.2.2	false
>=v1.2.3	1.2.3	true
>=v1.2.3	1.2.3-alpha.7	false
>=v1.2.3	1.2.3-beta	false
>=v1.2.3	1.2.3-beta.1	false
>=v1.2.3	1.2.3-beta.2	false
>=v1.2.3	1.2.3-beta.4	false
>=v1.2.3	1.2.3-rc.1	false
>=v1.2.3	1.2.4-beta.2	false
>=v1.2.3	1.2.7	true
>=v1.2.3	1.2.8	true
>=v1.2.3	1.3.0	true
>=v1.2.3	1.3.0-0	false
>=v1.2.3	1.4.6	true
>=v1.2.3	1.9.0	true
>=v1.2.3	2.0.0	true
>=v1.2.3	2.0.0-0	false
>=v1.2.3	2.3.4	true
>=v1.2.3	2.3.4-rc	false
>=v1.2.3	2.3.5	true
>=v1.2.3	2.9.9	true
>=v1.2.3	3.0.0	true
>=v1.2.3	3.4.5-alpha.9	false
>=v1.2.3	4.6.5	true
>=v1.2.3	5.0.0	true
>=v1.2.3	22.12.0	true
>=v1.2.3	22.20.1	true
>=v1.2.3	24.0.0	true
>=v1.2.3	24.0.5	true
>=v1.2.3	24.1.2	true
>=v1.2.3	24.1.9	true
>=v1.2.3	24.2.0	true
>=v1.2.3	24.20.0	true
>=v1.2.3	25.0.0	true
>=v1.2.3	file:vendor/a	false
>=v1.2.3	9007199254740991.0.0	true
>=v 1.2.3	-	invalid
> = 1	-	invalid
v 1.2.3	-	invalid
= v1.2.3	0.0.0	false
= v1.2.3	0.0.3	false
= v1.2.3	0.0.4	false
= v1.2.3	0.1.0	false
= v1.2.3	0.2.9	false
= v1.2.3	0.9.0	false
= v1.2.3	1.0.0	false
= v1.2.3	1.0.0-rc.1	false
= v1.2.3	1.2.0	false
= v1.2.3	1.2.2	false
= v1.2.3	1.2.3	true
= v1.2.3	1.2.3-alpha.7	false
= v1.2.3	1.2.3-beta	false
= v1.2.3	1.2.3-beta.1	false
= v1.2.3	1.2.3-beta.2	false
= v1.2.3	1.2.3-beta.4	false
= v1.2.3	1.2.3-rc.1	false
= v1.2.3	1.2.4-beta.2	false
= v1.2.3	1.2.7	false
= v1.2.3	1.2.8	false
= v1.2.3	1.3.0	false
= v1.2.3	1.3.0-0	false
= v1.2.3	1.4.6	false
= v1.2.3	1.9.0	false
= v1.2.3	2.0.0	false
= v1.2.3	2.0.0-0	false
= v1.2.3	2.3.4	false
= v1.2.3	2.3.4-rc	false
= v1.2.3	2.3.5	false
= v1.2.3	2.9.9	false
= v1.2.3	3.0.0	false
= v1.2.3	3.4.5-alpha.9	false
= v1.2.3	4.6.5	false
= v1.2.3	5.0.0	false
= v1.2.3	22.12.0	false
= v1.2.3	22.20.1	false
= v1.2.3	24.0.0	false
= v1.2.3	24.0.5	false
= v1.2.3	24.1.2	false
= v1.2.3	24.1.9	false
= v1.2.3	24.2.0	false
= v1.2.3	24.20.0	false
= v1.2.3	25.0.0	false
= v1.2.3	file:vendor/a	false
= v1.2.3	9007199254740991.0.0	false
^ 24	0.0.0	false
^ 24	0.0.3	false
^ 24	0.0.4	false
^ 24	0.1.0	false
^ 24	0.2.9	false
^ 24	0.9.0	false
^ 24	1.0.0	false
^ 24	1.0.0-rc.1	false
^ 24	1.2.0	false
^ 24	1.2.2	false
^ 24	1.2.3	false
^ 24	1.2.3-alpha.7	false
^ 24	1.2.3-beta	false
^ 24	1.2.3-beta.1	false
^ 24	1.2.3-beta.2	false
^ 24	1.2.3-beta.4	false
^ 24	1.2.3-rc.1	false
^ 24	1.2.4-beta.2	false
^ 24	1.2.7	false
^ 24	1.2.8	false
^ 24	1.3.0	false
^ 24	1.3.0-0	false
^ 24	1.4.6	false
^ 24	1.9.0	false
^ 24	2.0.0	false
^ 24	2.0.0-0	false
^ 24	2.3.4	false
^ 24	2.3.4-rc	false
^ 24	2.3.5	false
^ 24	2.9.9	false
^ 24	3.0.0	false
^ 24	3.4.5-alpha.9	false
^ 24	4.6.5	false
^ 24	5.0.0	false
^ 24	22.12.0	false
^ 24	22.20.1	false
^ 24	24.0.0	true
^ 24	24.0.5	true
^ 24	24.1.2	true
^ 24	24.1.9	true
^ 24	24.2.0	true
^ 24	24.20.0	true
^ 24	25.0.0	false
^ 24	file:vendor/a	false
^ 24	9007199254740991.0.0	false
= 24	0.0.0	false
= 24	0.0.3	false
= 24	0.0.4	false
= 24	0.1.0	false
= 24	0.2.9	false
= 24	0.9.0	false
= 24	1.0.0	false
= 24	1.0.0-rc.1	false
= 24	1.2.0	false
= 24	1.2.2	false
= 24	1.2.3	false
= 24	1.2.3-alpha.7	false
= 24	1.2.3-beta	false
= 24	1.2.3-beta.1	false
= 24	1.2.3-beta.2	false
= 24	1.2.3-beta.4	false
= 24	1.2.3-rc.1	false
= 24	1.2.4-beta.2	false
= 24	1.2.7	false
= 24	1.2.8	false
= 24	1.3.0	false
= 24	1.3.0-0	false
= 24	1.4.6	false
= 24	1.9.0	false
= 24	2.0.0	false
= 24	2.0.0-0	false
= 24	2.3.4	false
= 24	2.3.4-rc	false
= 24	2.3.5	false
= 24	2.9.9	false
= 24	3.0.0	false
= 24	3.4.5-alpha.9	false
= 24	4.6.5	false
= 24	5.0.0	false
= 24	22.12.0	false
= 24	22.20.1	false
= 24	24.0.0	true
= 24	24.0.5	true
= 24	24.1.2	true
= 24	24.1.9	true
= 24	24.2.0	true
= 24	24.20.0	true
= 24	25.0.0	false
= 24	file:vendor/a	false
= 24	9007199254740991.0.0	false
1 - 2 >=1.5	-	invalid
>=1.5 1 - 2	-	invalid
=1.2.3 - 2	-	invalid
v1.2.3 - v2	0.0.0	false
v1.2.3 - v2	0.0.3	false
v1.2.3 - v2	0.0.4	false
v1.2.3 - v2	0.1.0	false
v1.2.3 - v2	0.2.9	false
v1.2.3 - v2	0.9.0	false
v1.2.3 - v2	1.0.0	false
v1.2.3 - v2	1.0.0-rc.1	false
v1.2.3 - v2	1.2.0	false
v1.2.3 - v2	1.2.2	false
v1.2.3 - v2	1.2.3	true
v1.2.3 - v2	1.2.3-alpha.7	false
v1.2.3 - v2	1.2.3-beta	false
v1.2.3 - v2	1.2.3-beta.1	false
v1.2.3 - v2	1.2.3-beta.2	false
v1.2.3 - v2	1.2.3-beta.4	false
v1.2.3 - v2	1.2.3-rc.1	false
v1.2.3 - v2	1.2.4-beta.2	false
v1.2.3 - v2	1.2.7	true
v1.2.3 - v2	1.2.8	true
v1.2.3 - v2	1.3.0	true
v1.2.3 - v2	1.3.0-0	false
v1.2.3 - v2	1.4.6	true
v1.2.3 - v2	1.9.0	true
v1.2.3 - v2	2.0.0	true
v1.2.3 - v2	2.0.0-0	false
v1.2.3 - v2	2.3.4	true
v1.2.3 - v2	2.3.4-rc	false
v1.2.3 - v2	2.3.5	true
v1.2.3 - v2	2.9.9	true
v1.2.3 - v2	3.0.0	false
v1.2.3 - v2	3.4.5-alpha.9	false
v1.2.3 - v2	4.6.5	false
v1.2.3 - v2	5.0.0	false
v1.2.3 - v2	22.12.0	false
v1.2.3 - v2	22.20.1	false
v1.2.3 - v2	24.0.0	false
v1.2.3 - v2	24.0.5	false
v1.2.3 - v2	24.1.2	false
v1.2.3 - v2	24.1.9	false
v1.2.3 - v2	24.2.0	false
v1.2.3 - v2	24.20.0	false
v1.2.3 - v2	25.0.0	false
v1.2.3 - v2	file:vendor/a	false
v1.2.3 - v2	9007199254740991.0.0	false
1.2.3 | 2	-	invalid
V24	-	invalid
1.2.x-beta	0.0.0	false
1.2.x-beta	0.0.3	false
1.2.x-beta	0.0.4	false
1.2.x-beta	0.1.0	false
1.2.x-beta	0.2.9	false
1.2.x-beta	0.9.0	false
1.2.x-beta	1.0.0	false
1.2.x-beta	1.0.0-rc.1	false
1.2.x-beta	1.2.0	true
1.2.x-beta	1.2.2	true
1.2.x-beta	1.2.3	true
1.2.x-beta	1.2.3-alpha.7	false
1.2.x-beta	1.2.3-beta	false
1.2.x-beta	1.2.3-beta.1	false
1.2.x-beta	1.2.3-beta.2	false
1.2.x-beta	1.2.3-beta.4	false
1.2.x-beta	1.2.3-rc.1	false
1.2.x-beta	1.2.4-beta.2	false
1.2.x-beta	1.2.7	true
1.2.x-beta	1.2.8	true
1.2.x-beta	1.3.0	false
1.2.x-beta	1.3.0-0	false
1.2.x-beta	1.4.6	false
1.2.x-beta	1.9.0	false
1.2.x-beta	2.0.0	false
1.2.x-beta	2.0.0-0	false
1.2.x-beta	2.3.4	false
1.2.x-beta	2.3.4-rc	false
1.2.x-beta	2.3.5	false
1.2.x-beta	2.9.9	false
1.2.x-beta	3.0.0	false
1.2.x-beta	3.4.5-alpha.9	false
1.2.x-beta	4.6.5	false
1.2.x-beta	5.0.0	false
1.2.x-beta	22.12.0	false
1.2.x-beta	22.20.1	false
1.2.x-beta	24.0.0	false
1.2.x-beta	24.0.5	false
1.2.x-beta	24.1.2	false
1.2.x-beta	24.1.9	false
1.2.x-beta	24.2.0	false
1.2.x-beta	24.20.0	false
1.2.x-beta	25.0.0	false
1.2.x-beta	file:vendor/a	false
1.2.x-beta	9007199254740991.0.0	false
1.2-beta	-	invalid
1.x.x-beta	0.0.0	false
1.x.x-beta	0.0.3	false
1.x.x-beta	0.0.4	false
1.x.x-beta	0.1.0	false
1.x.x-beta	0.2.9	false
1.x.x-beta	0.9.0	false
1.x.x-beta	1.0.0	true
1.x.x-beta	1.0.0-rc.1	false
1.x.x-beta	1.2.0	true
1.x.x-beta	1.2.2	true
1.x.x-beta	1.2.3	true
1.x.x-beta	1.2.3-alpha.7	false
1.x.x-beta	1.2.3-beta	false
1.x.x-beta	1.2.3-beta.1	false
1.x.x-beta	1.2.3-beta.2	false
1.x.x-beta	1.2.3-beta.4	false
1.x.x-beta	1.2.3-rc.1	false
1.x.x-beta	1.2.4-beta.2	false
1.x.x-beta	1.2.7	true
1.x.x-beta	1.2.8	true
1.x.x-beta	1.3.0	true
1.x.x-beta	1.3.0-0	false
1.x.x-beta	1.4.6	true
1.x.x-beta	1.9.0	true
1.x.x-beta	2.0.0	false
1.x.x-beta	2.0.0-0	false
1.x.x-beta	2.3.4	false
1.x.x-beta	2.3.4-rc	false
1.x.x-beta	2.3.5	false
1.x.x-beta	2.9.9	false
1.x.x-beta	3.0.0	false
1.x.x-beta	3.4.5-alpha.9	false
1.x.x-beta	4.6.5	false
1.x.x-beta	5.0.0	false
1.x.x-beta	22.12.0	false
1.x.x-beta	22.20.1	false
1.x.x-beta	24.0.0	false
1.x.x-beta	24.0.5	false
1.x.x-beta	24.1.2	false
1.x.x-beta	24.1.9	false
1.x.x-beta	24.2.0	false
1.x.x-beta	24.20.0	false
1.x.x-beta	25.0.0	false
1.x.x-beta	file:vendor/a	false
1.x.x-beta	9007199254740991.0.0	false
*-beta	-	invalid
x.x.x-beta	0.0.0	true
x.x.x-beta	0.0.3	true
x.x.x-beta	0.0.4	true
x.x.x-beta	0.1.0	true
x.x.x-beta	0.2.9	true
x.x.x-beta	0.9.0	true
x.x.x-beta	1.0.0	true
x.x.x-beta	1.0.0-rc.1	false
x.x.x-beta	1.2.0	true
x.x.x-beta	1.2.2	true
x.x.x-beta	1.2.3	true
x.x.x-beta	1.2.3-alpha.7	false
x.x.x-beta	1.2.3-beta	false
x.x.x-beta	1.2.3-beta.1	false
x.x.x-beta	1.2.3-beta.2	false
x.x.x-beta	1.2.3-beta.4	false
x.x.x-beta	1.2.3-rc.1	false
x.x.x-beta	1.2.4-beta.2	false
x.x.x-beta	1.2.7	true
x.x.x-beta	1.2.8	true
x.x.x-beta	1.3.0	true
x.x.x-beta	1.3.0-0	false
x.x.x-beta	1.4.6	true
x.x.x-beta	1.9.0	true
x.x.x-beta	2.0.0	true
x.x.x-beta	2.0.0-0	false
x.x.x-beta	2.3.4	true
x.x.x-beta	2.3.4-rc	false
x.x.x-beta	2.3.5	true
x.x.x-beta	2.9.9	true
x.x.x-beta	3.0.0	true
x.x.x-beta	3.4.5-alpha.9	false
x.x.x-beta	4.6.5	true
x.x.x-beta	5.0.0	true
x.x.x-beta	22.12.0	true
x.x.x-beta	22.20.1	true
x.x.x-beta	24.0.0	true
x.x.x-beta	24.0.5	true
x.x.x-beta	24.1.2	true
x.x.x-beta	24.1.9	true
x.x.x-beta	24.2.0	true
x.x.x-beta	24.20.0	true
x.x.x-beta	25.0.0	true
x.x.x-beta	file:vendor/a	false
x.x.x-beta	9007199254740991.0.0	true
1.2.3-beta+b	0.0.0	false
1.2.3-beta+b	0.0.3	false
1.2.3-beta+b	0.0.4	false
1.2.3-beta+b	0.1.0	false
1.2.3-beta+b	0.2.9	false
1.2.3-beta+b	0.9.0	false
1.2.3-beta+b	1.0.0	false
1.2.3-beta+b	1.0.0-rc.1	false
1.2.3-beta+b	1.2.0	false
1.2.3-beta+b	1.2.2	false
1.2.3-beta+b	1.2.3	false
1.2.3-beta+b	1.2.3-alpha.7	false
1.2.3-beta+b	1.2.3-beta	true
1.2.3-beta+b	1.2.3-beta.1	false
1.2.3-beta+b	1.2.3-beta.2	false
1.2.3-beta+b	1.2.3-beta.4	false
1.2.3-beta+b	1.2.3-rc.1	false
1.2.3-beta+b	1.2.4-beta.2	false
1.2.3-beta+b	1.2.7	false
1.2.3-beta+b	1.2.8	false
1.2.3-beta+b	1.3.0	false
1.2.3-beta+b	1.3.0-0	false
1.2.3-beta+b	1.4.6	false
1.2.3-beta+b	1.9.0	false
1.2.3-beta+b	2.0.0	false
1.2.3-beta+b	2.0.0-0	false
1.2.3-beta+b	2.3.4	false
1.2.3-beta+b	2.3.4-rc	false
1.2.3-beta+b	2.3.5	false
1.2.3-beta+b	2.9.9	false
1.2.3-beta+b	3.0.0	false
1.2.3-beta+b	3.4.5-alpha.9	false
1.2.3-beta+b	4.6.5	false
1.2.3-beta+b	5.0.0	false
1.2.3-beta+b	22.12.0	false
1.2.3-beta+b	22.20.1	false
1.2.3-beta+b	24.0.0	false
1.2.3-beta+b	24.0.5	false
1.2.3-beta+b	24.1.2	false
1.2.3-beta+b	24.1.9	false
1.2.3-beta+b	24.2.0	false
1.2.3-beta+b	24.20.0	false
1.2.3-beta+b	25.0.0	false
1.2.3-beta+b	file:vendor/a	false
1.2.3-beta+b	9007199254740991.0.0	false
1.2.x+b	0.0.0	false
1.2.x+b	0.0.3	false
1.2.x+b	0.0.4	false
1.2.x+b	0.1.0	false
1.2.x+b	0.2.9	false
1.2.x+b	0.9.0	false
1.2.x+b	1.0.0	false
1.2.x+b	1.0.0-rc.1	false
1.2.x+b	1.2.0	true
1.2.x+b	1.2.2	true
1.2.x+b	1.2.3	true
1.2.x+b	1.2.3-alpha.7	false
1.2.x+b	1.2.3-beta	false
1.2.x+b	1.2.3-beta.1	false
1.2.x+b	1.2.3-beta.2	false
1.2.x+b	1.2.3-beta.4	false
1.2.x+b	1.2.3-rc.1	false
1.2.x+b	1.2.4-beta.2	false
1.2.x+b	1.2.7	true
1.2.x+b	1.2.8	true
1.2.x+b	1.3.0	false
1.2.x+b	1.3.0-0	false
1.2.x+b	1.4.6	false
1.2.x+b	1.9.0	false
1.2.x+b	2.0.0	false
1.2.x+b	2.0.0-0	false
1.2.x+b	2.3.4	false
1.2.x+b	2.3.4-rc	false
1.2.x+b	2.3.5	false
1.2.x+b	2.9.9	false
1.2.x+b	3.0.0	false
1.2.x+b	3.4.5-alpha.9	false
1.2.x+b	4.6.5	false
1.2.x+b	5.0.0	false
1.2.x+b	22.12.0	false
1.2.x+b	22.20.1	false
1.2.x+b	24.0.0	false
1.2.x+b	24.0.5	false
1.2.x+b	24.1.2	false
1.2.x+b	24.1.9	false
1.2.x+b	24.2.0	false
1.2.x+b	24.20.0	false
1.2.x+b	25.0.0	false
1.2.x+b	file:vendor/a	false
1.2.x+b	9007199254740991.0.0	false
^1.2.x-beta	0.0.0	false
^1.2.x-beta	0.0.3	false
^1.2.x-beta	0.0.4	false
^1.2.x-beta	0.1.0	false
^1.2.x-beta	0.2.9	false
^1.2.x-beta	0.9.0	false
^1.2.x-beta	1.0.0	false
^1.2.x-beta	1.0.0-rc.1	false
^1.2.x-beta	1.2.0	true
^1.2.x-beta	1.2.2	true
^1.2.x-beta	1.2.3	true
^1.2.x-beta	1.2.3-alpha.7	false
^1.2.x-beta	1.2.3-beta	false
^1.2.x-beta	1.2.3-beta.1	false
^1.2.x-beta	1.2.3-beta.2	false
^1.2.x-beta	1.2.3-beta.4	false
^1.2.x-beta	1.2.3-rc.1	false
^1.2.x-beta	1.2.4-beta.2	false
^1.2.x-beta	1.2.7	true
^1.2.x-beta	1.2.8	true
^1.2.x-beta	1.3.0	true
^1.2.x-beta	1.3.0-0	false
^1.2.x-beta	1.4.6	true
^1.2.x-beta	1.9.0	true
^1.2.x-beta	2.0.0	false
^1.2.x-beta	2.0.0-0	false
^1.2.x-beta	2.3.4	false
^1.2.x-beta	2.3.4-rc	false
^1.2.x-beta	2.3.5	false
^1.2.x-beta	2.9.9	false
^1.2.x-beta	3.0.0	false
^1.2.x-beta	3.4.5-alpha.9	false
^1.2.x-beta	4.6.5	false
^1.2.x-beta	5.0.0	false
^1.2.x-beta	22.12.0	false
^1.2.x-beta	22.20.1	false
^1.2.x-beta	24.0.0	false
^1.2.x-beta	24.0.5	false
^1.2.x-beta	24.1.2	false
^1.2.x-beta	24.1.9	false
^1.2.x-beta	24.2.0	false
^1.2.x-beta	24.20.0	false
^1.2.x-beta	25.0.0	false
^1.2.x-beta	file:vendor/a	false
^1.2.x-beta	9007199254740991.0.0	false
~1.x-beta	-	invalid
>1.x-beta	-	invalid
>1.2.x-beta	0.0.0	false
>1.2.x-beta	0.0.3	false
>1.2.x-beta	0.0.4	false
>1.2.x-beta	0.1.0	false
>1.2.x-beta	0.2.9	false
>1.2.x-beta	0.9.0	false
>1.2.x-beta	1.0.0	false
>1.2.x-beta	1.0.0-rc.1	false
>1.2.x-beta	1.2.0	false
>1.2.x-beta	1.2.2	false
>1.2.x-beta	1.2.3	false
>1.2.x-beta	1.2.3-alpha.7	false
>1.2.x-beta	1.2.3-beta	false
>1.2.x-beta	1.2.3-beta.1	false
>1.2.x-beta	1.2.3-beta.2	false
>1.2.x-beta	1.2.3-beta.4	false
>1.2.x-beta	1.2.3-rc.1	false
>1.2.x-beta	1.2.4-beta.2	false
>1.2.x-beta	1.2.7	false
>1.2.x-beta	1.2.8	false
>1.2.x-beta	1.3.0	true
>1.2.x-beta	1.3.0-0	false
>1.2.x-beta	1.4.6	true
>1.2.x-beta	1.9.0	true
>1.2.x-beta	2.0.0	true
>1.2.x-beta	2.0.0-0	false
>1.2.x-beta	2.3.4	true
>1.2.x-beta	2.3.4-rc	false
>1.2.x-beta	2.3.5	true
>1.2.x-beta	2.9.9	true
>1.2.x-beta	3.0.0	true
>1.2.x-beta	3.4.5-alpha.9	false
>1.2.x-beta	4.6.5	true
>1.2.x-beta	5.0.0	true
>1.2.x-beta	22.12.0	true
>1.2.x-beta	22.20.1	true
>1.2.x-beta	24.0.0	true
>1.2.x-beta	24.0.5	true
>1.2.x-beta	24.1.2	true
>1.2.x-beta	24.1.9	true
>1.2.x-beta	24.2.0	true
>1.2.x-beta	24.20.0	true
>1.2.x-beta	25.0.0	true
>1.2.x-beta	file:vendor/a	false
>1.2.x-beta	9007199254740991.0.0	true
1.2.3-beta - 2	0.0.0	false
1.2.3-beta - 2	0.0.3	false
1.2.3-beta - 2	0.0.4	false
1.2.3-beta - 2	0.1.0	false
1.2.3-beta - 2	0.2.9	false
1.2.3-beta - 2	0.9.0	false
1.2.3-beta - 2	1.0.0	false
1.2.3-beta - 2	1.0.0-rc.1	false
1.2.3-beta - 2	1.2.0	false
1.2.3-beta - 2	1.2.2	false
1.2.3-beta - 2	1.2.3	true
1.2.3-beta - 2	1.2.3-alpha.7	false
1.2.3-beta - 2	1.2.3-beta	true
1.2.3-beta - 2	1.2.3-beta.1	true
1.2.3-beta - 2	1.2.3-beta.2	true
1.2.3-beta - 2	1.2.3-beta.4	true
1.2.3-beta - 2	1.2.3-rc.1	true
1.2.3-beta - 2	1.2.4-beta.2	false
1.2.3-beta - 2	1.2.7	true
1.2.3-beta - 2	1.2.8	true
1.2.3-beta - 2	1.3.0	true
1.2.3-beta - 2	1.3.0-0	false
1.2.3-beta - 2	1.4.6	true
1.2.3-beta - 2	1.9.0	true
1.2.3-beta - 2	2.0.0	true
1.2.3-beta - 2	2.0.0-0	false
1.2.3-beta - 2	2.3.4	true
1.2.3-beta - 2	2.3.4-rc	false
1.2.3-beta - 2	2.3.5	true
1.2.3-beta - 2	2.9.9	true
1.2.3-beta - 2	3.0.0	false
1.2.3-beta - 2	3.4.5-alpha.9	false
1.2.3-beta - 2	4.6.5	false
1.2.3-beta - 2	5.0.0	false
1.2.3-beta - 2	22.12.0	false
1.2.3-beta - 2	22.20.1	false
1.2.3-beta - 2	24.0.0	false
1.2.3-beta - 2	24.0.5	false
1.2.3-beta - 2	24.1.2	false
1.2.3-beta - 2	24.1.9	false
1.2.3-beta - 2	24.2.0	false
1.2.3-beta - 2	24.20.0	false
1.2.3-beta - 2	25.0.0	false
1.2.3-beta - 2	file:vendor/a	false
1.2.3-beta - 2	9007199254740991.0.0	false
1.2.x-beta - 2	0.0.0	false
1.2.x-beta - 2	0.0.3	false
1.2.x-beta - 2	0.0.4	false
1.2.x-beta - 2	0.1.0	false
1.2.x-beta - 2	0.2.9	false
1.2.x-beta - 2	0.9.0	false
1.2.x-beta - 2	1.0.0	false
1.2.x-beta - 2	1.0.0-rc.1	false
1.2.x-beta - 2	1.2.0	true
1.2.x-beta - 2	1.2.2	true
1.2.x-beta - 2	1.2.3	true
1.2.x-beta - 2	1.2.3-alpha.7	false
1.2.x-beta - 2	1.2.3-beta	false
1.2.x-beta - 2	1.2.3-beta.1	false
1.2.x-beta - 2	1.2.3-beta.2	false
1.2.x-beta - 2	1.2.3-beta.4	false
1.2.x-beta - 2	1.2.3-rc.1	false
1.2.x-beta - 2	1.2.4-beta.2	false
1.2.x-beta - 2	1.2.7	true
1.2.x-beta - 2	1.2.8	true
1.2.x-beta - 2	1.3.0	true
1.2.x-beta - 2	1.3.0-0	false
1.2.x-beta - 2	1.4.6	true
1.2.x-beta - 2	1.9.0	true
1.2.x-beta - 2	2.0.0	true
1.2.x-beta - 2	2.0.0-0	false
1.2.x-beta - 2	2.3.4	true
1.2.x-beta - 2	2.3.4-rc	false
1.2.x-beta - 2	2.3.5	true
1.2.x-beta - 2	2.9.9	true
1.2.x-beta - 2	3.0.0	false
1.2.x-beta - 2	3.4.5-alpha.9	false
1.2.x-beta - 2	4.6.5	false
1.2.x-beta - 2	5.0.0	false
1.2.x-beta - 2	22.12.0	false
1.2.x-beta - 2	22.20.1	false
1.2.x-beta - 2	24.0.0	false
1.2.x-beta - 2	24.0.5	false
1.2.x-beta - 2	24.1.2	false
1.2.x-beta - 2	24.1.9	false
1.2.x-beta - 2	24.2.0	false
1.2.x-beta - 2	24.20.0	false
1.2.x-beta - 2	25.0.0	false
1.2.x-beta - 2	file:vendor/a	false
1.2.x-beta - 2	9007199254740991.0.0	false
<=1.2.x-beta	0.0.0	true
<=1.2.x-beta	0.0.3	true
<=1.2.x-beta	0.0.4	true
<=1.2.x-beta	0.1.0	true
<=1.2.x-beta	0.2.9	true
<=1.2.x-beta	0.9.0	true
<=1.2.x-beta	1.0.0	true
<=1.2.x-beta	1.0.0-rc.1	false
<=1.2.x-beta	1.2.0	true
<=1.2.x-beta	1.2.2	true
<=1.2.x-beta	1.2.3	true
<=1.2.x-beta	1.2.3-alpha.7	false
<=1.2.x-beta	1.2.3-beta	false
<=1.2.x-beta	1.2.3-beta.1	false
<=1.2.x-beta	1.2.3-beta.2	false
<=1.2.x-beta	1.2.3-beta.4	false
<=1.2.x-beta	1.2.3-rc.1	false
<=1.2.x-beta	1.2.4-beta.2	false
<=1.2.x-beta	1.2.7	true
<=1.2.x-beta	1.2.8	true
<=1.2.x-beta	1.3.0	false
<=1.2.x-beta	1.3.0-0	false
<=1.2.x-beta	1.4.6	false
<=1.2.x-beta	1.9.0	false
<=1.2.x-beta	2.0.0	false
<=1.2.x-beta	2.0.0-0	false
<=1.2.x-beta	2.3.4	false
<=1.2.x-beta	2.3.4-rc	false
<=1.2.x-beta	2.3.5	false
<=1.2.x-beta	2.9.9	false
<=1.2.x-beta	3.0.0	false
<=1.2.x-beta	3.4.5-alpha.9	false
<=1.2.x-beta	4.6.5	false
<=1.2.x-beta	5.0.0	false
<=1.2.x-beta	22.12.0	false
<=1.2.x-beta	22.20.1	false
<=1.2.x-beta	24.0.0	false
<=1.2.x-beta	24.0.5	false
<=1.2.x-beta	24.1.2	false
<=1.2.x-beta	24.1.9	false
<=1.2.x-beta	24.2.0	false
<=1.2.x-beta	24.20.0	false
<=1.2.x-beta	25.0.0	false
<=1.2.x-beta	file:vendor/a	false
<=1.2.x-beta	9007199254740991.0.0	false
^0.0.0-beta	0.0.0	true
^0.0.0-beta	0.0.3	false
^0.0.0-beta	0.0.4	false
^0.0.0-beta	0.1.0	false
^0.0.0-beta	0.2.9	false
^0.0.0-beta	0.9.0	false
^0.0.0-beta	1.0.0	false
^0.0.0-beta	1.0.0-rc.1	false
^0.0.0-beta	1.2.0	false
^0.0.0-beta	1.2.2	false
^0.0.0-beta	1.2.3	false
^0.0.0-beta	1.2.3-alpha.7	false
^0.0.0-beta	1.2.3-beta	false
^0.0.0-beta	1.2.3-beta.1	false
^0.0.0-beta	1.2.3-beta.2	false
^0.0.0-beta	1.2.3-beta.4	false
^0.0.0-beta	1.2.3-rc.1	false
^0.0.0-beta	1.2.4-beta.2	false
^0.0.0-beta	1.2.7	false
^0.0.0-beta	1.2.8	false
^0.0.0-beta	1.3.0	false
^0.0.0-beta	1.3.0-0	false
^0.0.0-beta	1.4.6	false
^0.0.0-beta	1.9.0	false
^0.0.0-beta	2.0.0	false
^0.0.0-beta	2.0.0-0	false
^0.0.0-beta	2.3.4	false
^0.0.0-beta	2.3.4-rc	false
^0.0.0-beta	2.3.5	false
^0.0.0-beta	2.9.9	false
^0.0.0-beta	3.0.0	false
^0.0.0-beta	3.4.5-alpha.9	false
^0.0.0-beta	4.6.5	false
^0.0.0-beta	5.0.0	false
^0.0.0-beta	22.12.0	false
^0.0.0-beta	22.20.1	false
^0.0.0-beta	24.0.0	false
^0.0.0-beta	24.0.5	false
^0.0.0-beta	24.1.2	false
^0.0.0-beta	24.1.9	false
^0.0.0-beta	24.2.0	false
^0.0.0-beta	24.20.0	false
^0.0.0-beta	25.0.0	false
^0.0.0-beta	file:vendor/a	false
^0.0.0-beta	9007199254740991.0.0	false
~0.0.0	0.0.0	true
~0.0.0	0.0.3	true
~0.0.0	0.0.4	true
~0.0.0	0.1.0	false
~0.0.0	0.2.9	false
~0.0.0	0.9.0	false
~0.0.0	1.0.0	false
~0.0.0	1.0.0-rc.1	false
~0.0.0	1.2.0	false
~0.0.0	1.2.2	false
~0.0.0	1.2.3	false
~0.0.0	1.2.3-alpha.7	false
~0.0.0	1.2.3-beta	false
~0.0.0	1.2.3-beta.1	false
~0.0.0	1.2.3-beta.2	false
~0.0.0	1.2.3-beta.4	false
~0.0.0	1.2.3-rc.1	false
~0.0.0	1.2.4-beta.2	false
~0.0.0	1.2.7	false
~0.0.0	1.2.8	false
~0.0.0	1.3.0	false
~0.0.0	1.3.0-0	false
~0.0.0	1.4.6	false
~0.0.0	1.9.0	false
~0.0.0	2.0.0	false
~0.0.0	2.0.0-0	false
~0.0.0	2.3.4	false
~0.0.0	2.3.4-rc	false
~0.0.0	2.3.5	false
~0.0.0	2.9.9	false
~0.0.0	3.0.0	false
~0.0.0	3.4.5-alpha.9	false
~0.0.0	4.6.5	false
~0.0.0	5.0.0	false
~0.0.0	22.12.0	false
~0.0.0	22.20.1	false
~0.0.0	24.0.0	false
~0.0.0	24.0.5	false
~0.0.0	24.1.2	false
~0.0.0	24.1.9	false
~0.0.0	24.2.0	false
~0.0.0	24.20.0	false
~0.0.0	25.0.0	false
~0.0.0	file:vendor/a	false
~0.0.0	9007199254740991.0.0	false
^0.0.0	0.0.0	true
^0.0.0	0.0.3	false
^0.0.0	0.0.4	false
^0.0.0	0.1.0	false
^0.0.0	0.2.9	false
^0.0.0	0.9.0	false
^0.0.0	1.0.0	false
^0.0.0	1.0.0-rc.1	false
^0.0.0	1.2.0	false
^0.0.0	1.2.2	false
^0.0.0	1.2.3	false
^0.0.0	1.2.3-alpha.7	false
^0.0.0	1.2.3-beta	false
^0.0.0	1.2.3-beta.1	false
^0.0.0	1.2.3-beta.2	false
^0.0.0	1.2.3-beta.4	false
^0.0.0	1.2.3-rc.1	false
^0.0.0	1.2.4-beta.2	false
^0.0.0	1.2.7	false
^0.0.0	1.2.8	false
^0.0.0	1.3.0	false
^0.0.0	1.3.0-0	false
^0.0.0	1.4.6	false
^0.0.0	1.9.0	false
^0.0.0	2.0.0	false
^0.0.0	2.0.0-0	false
^0.0.0	2.3.4	false
^0.0.0	2.3.4-rc	false
^0.0.0	2.3.5	false
^0.0.0	2.9.9	false
^0.0.0	3.0.0	false
^0.0.0	3.4.5-alpha.9	false
^0.0.0	4.6.5	false
^0.0.0	5.0.0	false
^0.0.0	22.12.0	false
^0.0.0	22.20.1	false
^0.0.0	24.0.0	false
^0.0.0	24.0.5	false
^0.0.0	24.1.2	false
^0.0.0	24.1.9	false
^0.0.0	24.2.0	false
^0.0.0	24.20.0	false
^0.0.0	25.0.0	false
^0.0.0	file:vendor/a	false
^0.0.0	9007199254740991.0.0	false
1.2.3 - 2.3.4-rc	0.0.0	false
1.2.3 - 2.3.4-rc	0.0.3	false
1.2.3 - 2.3.4-rc	0.0.4	false
1.2.3 - 2.3.4-rc	0.1.0	false
1.2.3 - 2.3.4-rc	0.2.9	false
1.2.3 - 2.3.4-rc	0.9.0	false
1.2.3 - 2.3.4-rc	1.0.0	false
1.2.3 - 2.3.4-rc	1.0.0-rc.1	false
1.2.3 - 2.3.4-rc	1.2.0	false
1.2.3 - 2.3.4-rc	1.2.2	false
1.2.3 - 2.3.4-rc	1.2.3	true
1.2.3 - 2.3.4-rc	1.2.3-alpha.7	false
1.2.3 - 2.3.4-rc	1.2.3-beta	false
1.2.3 - 2.3.4-rc	1.2.3-beta.1	false
1.2.3 - 2.3.4-rc	1.2.3-beta.2	false
1.2.3 - 2.3.4-rc	1.2.3-beta.4	false
1.2.3 - 2.3.4-rc	1.2.3-rc.1	false
1.2.3 - 2.3.4-rc	1.2.4-beta.2	false
1.2.3 - 2.3.4-rc	1.2.7	true
1.2.3 - 2.3.4-rc	1.2.8	true
1.2.3 - 2.3.4-rc	1.3.0	true
1.2.3 - 2.3.4-rc	1.3.0-0	false
1.2.3 - 2.3.4-rc	1.4.6	true
1.2.3 - 2.3.4-rc	1.9.0	true
1.2.3 - 2.3.4-rc	2.0.0	true
1.2.3 - 2.3.4-rc	2.0.0-0	false
1.2.3 - 2.3.4-rc	2.3.4	false
1.2.3 - 2.3.4-rc	2.3.4-rc	true
1.2.3 - 2.3.4-rc	2.3.5	false
1.2.3 - 2.3.4-rc	2.9.9	false
1.2.3 - 2.3.4-rc	3.0.0	false
1.2.3 - 2.3.4-rc	3.4.5-alpha.9	false
1.2.3 - 2.3.4-rc	4.6.5	false
1.2.3 - 2.3.4-rc	5.0.0	false
1.2.3 - 2.3.4-rc	22.12.0	false
1.2.3 - 2.3.4-rc	22.20.1	false
1.2.3 - 2.3.4-rc	24.0.0	false
1.2.3 - 2.3.4-rc	24.0.5	false
1.2.3 - 2.3.4-rc	24.1.2	false
1.2.3 - 2.3.4-rc	24.1.9	false
1.2.3 - 2.3.4-rc	24.2.0	false
1.2.3 - 2.3.4-rc	24.20.0	false
1.2.3 - 2.3.4-rc	25.0.0	false
1.2.3 - 2.3.4-rc	file:vendor/a	false
1.2.3 - 2.3.4-rc	9007199254740991.0.0	false
>=1 <=1.2.3-rc.1	0.0.0	false
>=1 <=1.2.3-rc.1	0.0.3	false
>=1 <=1.2.3-rc.1	0.0.4	false
>=1 <=1.2.3-rc.1	0.1.0	false
>=1 <=1.2.3-rc.1	0.2.9	false
>=1 <=1.2.3-rc.1	0.9.0	false
>=1 <=1.2.3-rc.1	1.0.0	true
>=1 <=1.2.3-rc.1	1.0.0-rc.1	false
>=1 <=1.2.3-rc.1	1.2.0	true
>=1 <=1.2.3-rc.1	1.2.2	true
>=1 <=1.2.3-rc.1	1.2.3	false
>=1 <=1.2.3-rc.1	1.2.3-alpha.7	true
>=1 <=1.2.3-rc.1	1.2.3-beta	true
>=1 <=1.2.3-rc.1	1.2.3-beta.1	true
>=1 <=1.2.3-rc.1	1.2.3-beta.2	true
>=1 <=1.2.3-rc.1	1.2.3-beta.4	true
>=1 <=1.2.3-rc.1	1.2.3-rc.1	true
>=1 <=1.2.3-rc.1	1.2.4-beta.2	false
>=1 <=1.2.3-rc.1	1.2.7	false
>=1 <=1.2.3-rc.1	1.2.8	false
>=1 <=1.2.3-rc.1	1.3.0	false
>=1 <=1.2.3-rc.1	1.3.0-0	false
>=1 <=1.2.3-rc.1	1.4.6	false
>=1 <=1.2.3-rc.1	1.9.0	false
>=1 <=1.2.3-rc.1	2.0.0	false
>=1 <=1.2.3-rc.1	2.0.0-0	false
>=1 <=1.2.3-rc.1	2.3.4	false
>=1 <=1.2.3-rc.1	2.3.4-rc	false
>=1 <=1.2.3-rc.1	2.3.5	false
>=1 <=1.2.3-rc.1	2.9.9	false
>=1 <=1.2.3-rc.1	3.0.0	false
>=1 <=1.2.3-rc.1	3.4.5-alpha.9	false
>=1 <=1.2.3-rc.1	4.6.5	false
>=1 <=1.2.3-rc.1	5.0.0	false
>=1 <=1.2.3-rc.1	22.12.0	false
>=1 <=1.2.3-rc.1	22.20.1	false
>=1 <=1.2.3-rc.1	24.0.0	false
>=1 <=1.2.3-rc.1	24.0.5	false
>=1 <=1.2.3-rc.1	24.1.2	false
>=1 <=1.2.3-rc.1	24.1.9	false
>=1 <=1.2.3-rc.1	24.2.0	false
>=1 <=1.2.3-rc.1	24.20.0	false
>=1 <=1.2.3-rc.1	25.0.0	false
>=1 <=1.2.3-rc.1	file:vendor/a	false
>=1 <=1.2.3-rc.1	9007199254740991.0.0	false
^1.2.3-beta.2	0.0.0	false
^1.2.3-beta.2	0.0.3	false
^1.2.3-beta.2	0.0.4	false
^1.2.3-beta.2	0.1.0	false
^1.2.3-beta.2	0.2.9	false
^1.2.3-beta.2	0.9.0	false
^1.2.3-beta.2	1.0.0	false
^1.2.3-beta.2	1.0.0-rc.1	false
^1.2.3-beta.2	1.2.0	false
^1.2.3-beta.2	1.2.2	false
^1.2.3-beta.2	1.2.3	true
^1.2.3-beta.2	1.2.3-alpha.7	false
^1.2.3-beta.2	1.2.3-beta	false
^1.2.3-beta.2	1.2.3-beta.1	false
^1.2.3-beta.2	1.2.3-beta.2	true
^1.2.3-beta.2	1.2.3-beta.4	true
^1.2.3-beta.2	1.2.3-rc.1	true
^1.2.3-beta.2	1.2.4-beta.2	false
^1.2.3-beta.2	1.2.7	true
^1.2.3-beta.2	1.2.8	true
^1.2.3-beta.2	1.3.0	true
^1.2.3-beta.2	1.3.0-0	false
^1.2.3-beta.2	1.4.6	true
^1.2.3-beta.2	1.9.0	true
^1.2.3-beta.2	2.0.0	false
^1.2.3-beta.2	2.0.0-0	false
^1.2.3-beta.2	2.3.4	false
^1.2.3-beta.2	2.3.4-rc	false
^1.2.3-beta.2	2.3.5	false
^1.2.3-beta.2	2.9.9	false
^1.2.3-beta.2	3.0.0	false
^1.2.3-beta.2	3.4.5-alpha.9	false
^1.2.3-beta.2	4.6.5	false
^1.2.3-beta.2	5.0.0	false
^1.2.3-beta.2	22.12.0	false
^1.2.3-beta.2	22.20.1	false
^1.2.3-beta.2	24.0.0	false
^1.2.3-beta.2	24.0.5	false
^1.2.3-beta.2	24.1.2	false
^1.2.3-beta.2	24.1.9	false
^1.2.3-beta.2	24.2.0	false
^1.2.3-beta.2	24.20.0	false
^1.2.3-beta.2	25.0.0	false
^1.2.3-beta.2	file:vendor/a	false
^1.2.3-beta.2	9007199254740991.0.0	false
>1.2.3-alpha.3	0.0.0	false
>1.2.3-alpha.3	0.0.3	false
>1.2.3-alpha.3	0.0.4	false
>1.2.3-alpha.3	0.1.0	false
>1.2.3-alpha.3	0.2.9	false
>1.2.3-alpha.3	0.9.0	false
>1.2.3-alpha.3	1.0.0	false
>1.2.3-alpha.3	1.0.0-rc.1	false
>1.2.3-alpha.3	1.2.0	false
>1.2.3-alpha.3	1.2.2	false
>1.2.3-alpha.3	1.2.3	true
>1.2.3-alpha.3	1.2.3-alpha.7	true
>1.2.3-alpha.3	1.2.3-beta	true
>1.2.3-alpha.3	1.2.3-beta.1	true
>1.2.3-alpha.3	1.2.3-beta.2	true
>1.2.3-alpha.3	1.2.3-beta.4	true
>1.2.3-alpha.3	1.2.3-rc.1	true
>1.2.3-alpha.3	1.2.4-beta.2	false
>1.2.3-alpha.3	1.2.7	true
>1.2.3-alpha.3	1.2.8	true
>1.2.3-alpha.3	1.3.0	true
>1.2.3-alpha.3	1.3.0-0	false
>1.2.3-alpha.3	1.4.6	true
>1.2.3-alpha.3	1.9.0	true
>1.2.3-alpha.3	2.0.0	true
>1.2.3-alpha.3	2.0.0-0	false
>1.2.3-alpha.3	2.3.4	true
>1.2.3-alpha.3	2.3.4-rc	false
>1.2.3-alpha.3	2.3.5	true
>1.2.3-alpha.3	2.9.9	true
>1.2.3-alpha.3	3.0.0	true
>1.2.3-alpha.3	3.4.5-alpha.9	false
>1.2.3-alpha.3	4.6.5	true
>1.2.3-alpha.3	5.0.0	true
>1.2.3-alpha.3	22.12.0	true
>1.2.3-alpha.3	22.20.1	true
>1.2.3-alpha.3	24.0.0	true
>1.2.3-alpha.3	24.0.5	true
>1.2.3-alpha.3	24.1.2	true
>1.2.3-alpha.3	24.1.9	true
>1.2.3-alpha.3	24.2.0	true
>1.2.3-alpha.3	24.20.0	true
>1.2.3-alpha.3	25.0.0	true
>1.2.3-alpha.3	file:vendor/a	false
>1.2.3-alpha.3	9007199254740991.0.0	true
~1.2.3-beta	0.0.0	false
~1.2.3-beta	0.0.3	false
~1.2.3-beta	0.0.4	false
~1.2.3-beta	0.1.0	false
~1.2.3-beta	0.2.9	false
~1.2.3-beta	0.9.0	false
~1.2.3-beta	1.0.0	false
~1.2.3-beta	1.0.0-rc.1	false
~1.2.3-beta	1.2.0	false
~1.2.3-beta	1.2.2	false
~1.2.3-beta	1.2.3	true
~1.2.3-beta	1.2.3-alpha.7	false
~1.2.3-beta	1.2.3-beta	true
~1.2.3-beta	1.2.3-beta.1	true
~1.2.3-beta	1.2.3-beta.2	true
~1.2.3-beta	1.2.3-beta.4	true
~1.2.3-beta	1.2.3-rc.1	true
~1.2.3-beta	1.2.4-beta.2	false
~1.2.3-beta	1.2.7	true
~1.2.3-beta	1.2.8	true
~1.2.3-beta	1.3.0	false
~1.2.3-beta	1.3.0-0	false
~1.2.3-beta	1.4.6	false
~1.2.3-beta	1.9.0	false
~1.2.3-beta	2.0.0	false
~1.2.3-beta	2.0.0-0	false
~1.2.3-beta	2.3.4	false
~1.2.3-beta	2.3.4-rc	false
~1.2.3-beta	2.3.5	false
~1.2.3-beta	2.9.9	false
~1.2.3-beta	3.0.0	false
~1.2.3-beta	3.4.5-alpha.9	false
~1.2.3-beta	4.6.5	false
~1.2.3-beta	5.0.0	false
~1.2.3-beta	22.12.0	false
~1.2.3-beta	22.20.1	false
~1.2.3-beta	24.0.0	false
~1.2.3-beta	24.0.5	false
~1.2.3-beta	24.1.2	false
~1.2.3-beta	24.1.9	false
~1.2.3-beta	24.2.0	false
~1.2.3-beta	24.20.0	false
~1.2.3-beta	25.0.0	false
~1.2.3-beta	file:vendor/a	false
~1.2.3-beta	9007199254740991.0.0	false
>=1.2.3-rc.1 <2	0.0.0	false
>=1.2.3-rc.1 <2	0.0.3	false
>=1.2.3-rc.1 <2	0.0.4	false
>=1.2.3-rc.1 <2	0.1.0	false
>=1.2.3-rc.1 <2	0.2.9	false
>=1.2.3-rc.1 <2	0.9.0	false
>=1.2.3-rc.1 <2	1.0.0	false
>=1.2.3-rc.1 <2	1.0.0-rc.1	false
>=1.2.3-rc.1 <2	1.2.0	false
>=1.2.3-rc.1 <2	1.2.2	false
>=1.2.3-rc.1 <2	1.2.3	true
>=1.2.3-rc.1 <2	1.2.3-alpha.7	false
>=1.2.3-rc.1 <2	1.2.3-beta	false
>=1.2.3-rc.1 <2	1.2.3-beta.1	false
>=1.2.3-rc.1 <2	1.2.3-beta.2	false
>=1.2.3-rc.1 <2	1.2.3-beta.4	false
>=1.2.3-rc.1 <2	1.2.3-rc.1	true
>=1.2.3-rc.1 <2	1.2.4-beta.2	false
>=1.2.3-rc.1 <2	1.2.7	true
>=1.2.3-rc.1 <2	1.2.8	true
>=1.2.3-rc.1 <2	1.3.0	true
>=1.2.3-rc.1 <2	1.3.0-0	false
>=1.2.3-rc.1 <2	1.4.6	true
>=1.2.3-rc.1 <2	1.9.0	true
>=1.2.3-rc.1 <2	2.0.0	false
>=1.2.3-rc.1 <2	2.0.0-0	false
>=1.2.3-rc.1 <2	2.3.4	false
>=1.2.3-rc.1 <2	2.3.4-rc	false
>=1.2.3-rc.1 <2	2.3.5	false
>=1.2.3-rc.1 <2	2.9.9	false
>=1.2.3-rc.1 <2	3.0.0	false
>=1.2.3-rc.1 <2	3.4.5-alpha.9	false
>=1.2.3-rc.1 <2	4.6.5	false
>=1.2.3-rc.1 <2	5.0.0	false
>=1.2.3-rc.1 <2	22.12.0	false
>=1.2.3-rc.1 <2	22.20.1	false
>=1.2.3-rc.1 <2	24.0.0	false
>=1.2.3-rc.1 <2	24.0.5	false
>=1.2.3-rc.1 <2	24.1.2	false
>=1.2.3-rc.1 <2	24.1.9	false
>=1.2.3-rc.1 <2	24.2.0	false
>=1.2.3-rc.1 <2	24.20.0	false
>=1.2.3-rc.1 <2	25.0.0	false
>=1.2.3-rc.1 <2	file:vendor/a	false
>=1.2.3-rc.1 <2	9007199254740991.0.0	false
<2.0.0-0	0.0.0	true
<2.0.0-0	0.0.3	true
<2.0.0-0	0.0.4	true
<2.0.0-0	0.1.0	true
<2.0.0-0	0.2.9	true
<2.0.0-0	0.9.0	true
<2.0.0-0	1.0.0	true
<2.0.0-0	1.0.0-rc.1	false
<2.0.0-0	1.2.0	true
<2.0.0-0	1.2.2	true
<2.0.0-0	1.2.3	true
<2.0.0-0	1.2.3-alpha.7	false
<2.0.0-0	1.2.3-beta	false
<2.0.0-0	1.2.3-beta.1	false
<2.0.0-0	1.2.3-beta.2	false
<2.0.0-0	1.2.3-beta.4	false
<2.0.0-0	1.2.3-rc.1	false
<2.0.0-0	1.2.4-beta.2	false
<2.0.0-0	1.2.7	true
<2.0.0-0	1.2.8	true
<2.0.0-0	1.3.0	true
<2.0.0-0	1.3.0-0	false
<2.0.0-0	1.4.6	true
<2.0.0-0	1.9.0	true
<2.0.0-0	2.0.0	false
<2.0.0-0	2.0.0-0	false
<2.0.0-0	2.3.4	false
<2.0.0-0	2.3.4-rc	false
<2.0.0-0	2.3.5	false
<2.0.0-0	2.9.9	false
<2.0.0-0	3.0.0	false
<2.0.0-0	3.4.5-alpha.9	false
<2.0.0-0	4.6.5	false
<2.0.0-0	5.0.0	false
<2.0.0-0	22.12.0	false
<2.0.0-0	22.20.1	false
<2.0.0-0	24.0.0	false
<2.0.0-0	24.0.5	false
<2.0.0-0	24.1.2	false
<2.0.0-0	24.1.9	false
<2.0.0-0	24.2.0	false
<2.0.0-0	24.20.0	false
<2.0.0-0	25.0.0	false
<2.0.0-0	file:vendor/a	false
<2.0.0-0	9007199254740991.0.0	false
<=1.2.3-0	0.0.0	true
<=1.2.3-0	0.0.3	true
<=1.2.3-0	0.0.4	true
<=1.2.3-0	0.1.0	true
<=1.2.3-0	0.2.9	true
<=1.2.3-0	0.9.0	true
<=1.2.3-0	1.0.0	true
<=1.2.3-0	1.0.0-rc.1	false
<=1.2.3-0	1.2.0	true
<=1.2.3-0	1.2.2	true
<=1.2.3-0	1.2.3	false
<=1.2.3-0	1.2.3-alpha.7	false
<=1.2.3-0	1.2.3-beta	false
<=1.2.3-0	1.2.3-beta.1	false
<=1.2.3-0	1.2.3-beta.2	false
<=1.2.3-0	1.2.3-beta.4	false
<=1.2.3-0	1.2.3-rc.1	false
<=1.2.3-0	1.2.4-beta.2	false
<=1.2.3-0	1.2.7	false
<=1.2.3-0	1.2.8	false
<=1.2.3-0	1.3.0	false
<=1.2.3-0	1.3.0-0	false
<=1.2.3-0	1.4.6	false
<=1.2.3-0	1.9.0	false
<=1.2.3-0	2.0.0	false
<=1.2.3-0	2.0.0-0	false
<=1.2.3-0	2.3.4	false
<=1.2.3-0	2.3.4-rc	false
<=1.2.3-0	2.3.5	false
<=1.2.3-0	2.9.9	false
<=1.2.3-0	3.0.0	false
<=1.2.3-0	3.4.5-alpha.9	false
<=1.2.3-0	4.6.5	false
<=1.2.3-0	5.0.0	false
<=1.2.3-0	22.12.0	false
<=1.2.3-0	22.20.1	false
<=1.2.3-0	24.0.0	false
<=1.2.3-0	24.0.5	false
<=1.2.3-0	24.1.2	false
<=1.2.3-0	24.1.9	false
<=1.2.3-0	24.2.0	false
<=1.2.3-0	24.20.0	false
<=1.2.3-0	25.0.0	false
<=1.2.3-0	file:vendor/a	false
<=1.2.3-0	9007199254740991.0.0	false
1.2.3-01	-	invalid
1.2.3-a..b	-	invalid
1.2.3-a-b.c	0.0.0	false
1.2.3-a-b.c	0.0.3	false
1.2.3-a-b.c	0.0.4	false
1.2.3-a-b.c	0.1.0	false
1.2.3-a-b.c	0.2.9	false
1.2.3-a-b.c	0.9.0	false
1.2.3-a-b.c	1.0.0	false
1.2.3-a-b.c	1.0.0-rc.1	false
1.2.3-a-b.c	1.2.0	false
1.2.3-a-b.c	1.2.2	false
1.2.3-a-b.c	1.2.3	false
1.2.3-a-b.c	1.2.3-alpha.7	false
1.2.3-a-b.c	1.2.3-beta	false
1.2.3-a-b.c	1.2.3-beta.1	false
1.2.3-a-b.c	1.2.3-beta.2	false
1.2.3-a-b.c	1.2.3-beta.4	false
1.2.3-a-b.c	1.2.3-rc.1	false
1.2.3-a-b.c	1.2.4-beta.2	false
1.2.3-a-b.c	1.2.7	false
1.2.3-a-b.c	1.2.8	false
1.2.3-a-b.c	1.3.0	false
1.2.3-a-b.c	1.3.0-0	false
1.2.3-a-b.c	1.4.6	false
1.2.3-a-b.c	1.9.0	false
1.2.3-a-b.c	2.0.0	false
1.2.3-a-b.c	2.0.0-0	false
1.2.3-a-b.c	2.3.4	false
1.2.3-a-b.c	2.3.4-rc	false
1.2.3-a-b.c	2.3.5	false
1.2.3-a-b.c	2.9.9	false
1.2.3-a-b.c	3.0.0	false
1.2.3-a-b.c	3.4.5-alpha.9	false
1.2.3-a-b.c	4.6.5	false
1.2.3-a-b.c	5.0.0	false
1.2.3-a-b.c	22.12.0	false
1.2.3-a-b.c	22.20.1	false
1.2.3-a-b.c	24.0.0	false
1.2.3-a-b.c	24.0.5	false
1.2.3-a-b.c	24.1.2	false
1.2.3-a-b.c	24.1.9	false
1.2.3-a-b.c	24.2.0	false
1.2.3-a-b.c	24.20.0	false
1.2.3-a-b.c	25.0.0	false
1.2.3-a-b.c	file:vendor/a	false
1.2.3-a-b.c	9007199254740991.0.0	false
>=0.0.0-0	0.0.0	true
>=0.0.0-0	0.0.3	true
>=0.0.0-0	0.0.4	true
>=0.0.0-0	0.1.0	true
>=0.0.0-0	0.2.9	true
>=0.0.0-0	0.9.0	true
>=0.0.0-0	1.0.0	true
>=0.0.0-0	1.0.0-rc.1	false
>=0.0.0-0	1.2.0	true
>=0.0.0-0	1.2.2	true
>=0.0.0-0	1.2.3	true
>=0.0.0-0	1.2.3-alpha.7	false
>=0.0.0-0	1.2.3-beta	false
>=0.0.0-0	1.2.3-beta.1	false
>=0.0.0-0	1.2.3-beta.2	false
>=0.0.0-0	1.2.3-beta.4	false
>=0.0.0-0	1.2.3-rc.1	false
>=0.0.0-0	1.2.4-beta.2	false
>=0.0.0-0	1.2.7	true
>=0.0.0-0	1.2.8	true
>=0.0.0-0	1.3.0	true
>=0.0.0-0	1.3.0-0	false
>=0.0.0-0	1.4.6	true
>=0.0.0-0	1.9.0	true
>=0.0.0-0	2.0.0	true
>=0.0.0-0	2.0.0-0	false
>=0.0.0-0	2.3.4	true
>=0.0.0-0	2.3.4-rc	false
>=0.0.0-0	2.3.5	true
>=0.0.0-0	2.9.9	true
>=0.0.0-0	3.0.0	true
>=0.0.0-0	3.4.5-alpha.9	false
>=0.0.0-0	4.6.5	true
>=0.0.0-0	5.0.0	true
>=0.0.0-0	22.12.0	true
>=0.0.0-0	22.20.1	true
>=0.0.0-0	24.0.0	true
>=0.0.0-0	24.0.5	true
>=0.0.0-0	24.1.2	true
>=0.0.0-0	24.1.9	true
>=0.0.0-0	24.2.0	true
>=0.0.0-0	24.20.0	true
>=0.0.0-0	25.0.0	true
>=0.0.0-0	file:vendor/a	false
>=0.0.0-0	9007199254740991.0.0	true
1.2.3+	-	invalid
1.2.3-	-	invalid
^4.6.0	0.0.0	false
^4.6.0	0.0.3	false
^4.6.0	0.0.4	false
^4.6.0	0.1.0	false
^4.6.0	0.2.9	false
^4.6.0	0.9.0	false
^4.6.0	1.0.0	false
^4.6.0	1.0.0-rc.1	false
^4.6.0	1.2.0	false
^4.6.0	1.2.2	false
^4.6.0	1.2.3	false
^4.6.0	1.2.3-alpha.7	false
^4.6.0	1.2.3-beta	false
^4.6.0	1.2.3-beta.1	false
^4.6.0	1.2.3-beta.2	false
^4.6.0	1.2.3-beta.4	false
^4.6.0	1.2.3-rc.1	false
^4.6.0	1.2.4-beta.2	false
^4.6.0	1.2.7	false
^4.6.0	1.2.8	false
^4.6.0	1.3.0	false
^4.6.0	1.3.0-0	false
^4.6.0	1.4.6	false
^4.6.0	1.9.0	false
^4.6.0	2.0.0	false
^4.6.0	2.0.0-0	false
^4.6.0	2.3.4	false
^4.6.0	2.3.4-rc	false
^4.6.0	2.3.5	false
^4.6.0	2.9.9	false
^4.6.0	3.0.0	false
^4.6.0	3.4.5-alpha.9	false
^4.6.0	4.6.5	true
^4.6.0	5.0.0	false
^4.6.0	22.12.0	false
^4.6.0	22.20.1	false
^4.6.0	24.0.0	false
^4.6.0	24.0.5	false
^4.6.0	24.1.2	false
^4.6.0	24.1.9	false
^4.6.0	24.2.0	false
^4.6.0	24.20.0	false
^4.6.0	25.0.0	false
^4.6.0	file:vendor/a	false
^4.6.0	9007199254740991.0.0	false
^1.0.0 || ^3.0.0	0.0.0	false
^1.0.0 || ^3.0.0	0.0.3	false
^1.0.0 || ^3.0.0	0.0.4	false
^1.0.0 || ^3.0.0	0.1.0	false
^1.0.0 || ^3.0.0	0.2.9	false
^1.0.0 || ^3.0.0	0.9.0	false
^1.0.0 || ^3.0.0	1.0.0	true
^1.0.0 || ^3.0.0	1.0.0-rc.1	false
^1.0.0 || ^3.0.0	1.2.0	true
^1.0.0 || ^3.0.0	1.2.2	true
^1.0.0 || ^3.0.0	1.2.3	true
^1.0.0 || ^3.0.0	1.2.3-alpha.7	false
^1.0.0 || ^3.0.0	1.2.3-beta	false
^1.0.0 || ^3.0.0	1.2.3-beta.1	false
^1.0.0 || ^3.0.0	1.2.3-beta.2	false
^1.0.0 || ^3.0.0	1.2.3-beta.4	false
^1.0.0 || ^3.0.0	1.2.3-rc.1	false
^1.0.0 || ^3.0.0	1.2.4-beta.2	false
^1.0.0 || ^3.0.0	1.2.7	true
^1.0.0 || ^3.0.0	1.2.8	true
^1.0.0 || ^3.0.0	1.3.0	true
^1.0.0 || ^3.0.0	1.3.0-0	false
^1.0.0 || ^3.0.0	1.4.6	true
^1.0.0 || ^3.0.0	1.9.0	true
^1.0.0 || ^3.0.0	2.0.0	false
^1.0.0 || ^3.0.0	2.0.0-0	false
^1.0.0 || ^3.0.0	2.3.4	false
^1.0.0 || ^3.0.0	2.3.4-rc	false
^1.0.0 || ^3.0.0	2.3.5	false
^1.0.0 || ^3.0.0	2.9.9	false
^1.0.0 || ^3.0.0	3.0.0	true
^1.0.0 || ^3.0.0	3.4.5-alpha.9	false
^1.0.0 || ^3.0.0	4.6.5	false
^1.0.0 || ^3.0.0	5.0.0	false
^1.0.0 || ^3.0.0	22.12.0	false
^1.0.0 || ^3.0.0	22.20.1	false
^1.0.0 || ^3.0.0	24.0.0	false
^1.0.0 || ^3.0.0	24.0.5	false
^1.0.0 || ^3.0.0	24.1.2	false
^1.0.0 || ^3.0.0	24.1.9	false
^1.0.0 || ^3.0.0	24.2.0	false
^1.0.0 || ^3.0.0	24.20.0	false
^1.0.0 || ^3.0.0	25.0.0	false
^1.0.0 || ^3.0.0	file:vendor/a	false
^1.0.0 || ^3.0.0	9007199254740991.0.0	false
1.2.3-aaaaaaaaaaaaaaaaaaaaaaaaaaaaaaaaaaaaaaaaaaaaaaaaaaaaaaaaaaaaaaaaaaaaaaaaaaaaaaaaaaaaaaaaaaaaaaaaaaaaaaaaaaaaaaaaaaaaaaaaaaaaaaaaaaaaaaaaaaaaaaaaaaaaaaaaaaaaaaaaaaaaaaaaaaaaaaaaaaaaaaaaaaaaaaaaaaaaaaaaaaaaaaaaaaaaaaaaaaaaaaaaaaaaaaaaaaaaaaaaaaaaaaaaa	1.2.3	false
^1.2.3-aaaaaaaaaaaaaaaaaaaaaaaaaaaaaaaaaaaaaaaaaaaaaaaaaaaaaaaaaaaaaaaaaaaaaaaaaaaaaaaaaaaaaaaaaaaaaaaaaaaaaaaaaaaaaaaaaaaaaaaaaaaaaaaaaaaaaaaaaaaaaaaaaaaaaaaaaaaaaaaaaaaaaaaaaaaaaaaaaaaaaaaaaaaaaaaaaaaaaaaaaaaaaaaaaaaaaaaaaaaaaaaaaaaaaaaaaaaaaaaaaaaaaaaaa	1.2.3	true
1.2.x-abbbbbbbbbbbbbbbbbbbbbbbbbbbbbbbbbbbbbbbbbbbbbbbbbbbbbbbbbbbbbbbbbbbbbbbbbbbbbbbbbbbbbbbbbbbbbbbbbbbbbbbbbbbbbbbbbbbbbbbbbbbbbbbbbbbbbbbbbbbbbbbbbbbbbbbbbbbbbbbbbbbbbbbbbbbbbbbbbbbbbbbbbbbbbbbbbbbbbbbbbbbbbbbbbbbbbbbbbbbbbbbbbbbbbbbbbbbbbbbbbbbbbbbbb	1.2.3	true
1.2.x+bbbbbbbbbbbbbbbbbbbbbbbbbbbbbbbbbbbbbbbbbbbbbbbbbbbbbbbbbbbbbbbbbbbbbbbbbbbbbbbbbbbbbbbbbbbbbbbbbbbbbbbbbbbbbbbbbbbbbbbbbbbbbbbbbbbbbbbbbbbbbbbbbbbbbbbbbbbbbbbbbbbbbbbbbbbbbbbbbbbbbbbbbbbbbbbbbbbbbbbbbbbbbbbbbbbbbbbbbbbbbbbbbbbbbbbbbbbbbbbbbbbbbbbbb	1.2.3	true
1.2.x-111111111111111111111111111111111111111111111111111111111111111111111111111111111111111111111111111111111111111111111111111111111111111111111111111111111111111111111111111111111111111111111111111111111111111111111111111111111111111111111111111111111111111abbb	1.2.3	true
1.2.x-1111111111111111111111111111111111111111111111111111111111111111111111111111111111111111111111111111111111111111111111111111111111111111111111111111111111111111111111111111111111111111111111111111111111111111111111111111111111111111111111111111111111111111	1.2.3	true
1.2.3-aaaaaaaaaaaaaaaaaaaaaaaaaaaaaaaaaaaaaaaaaaaaaaaaaaaaaaaaaaaaaaaaaaaaaaaaaaaaaaaaaaaaaaaaaaaaaaaaaaaaaaaaaaaaaaaaaaaaaaaaaaaaaaaaaaaaaaaaaaaaaaaaaaaaaaaaaaaaaaaaaaaaaaaaaaaaaaaaaaaaaaaaaaaaaaaaaaaaaaaaaaaaaaaaaaaaaaaaaaaaaaaaaaaaaaaaaaaaaaaaaaaaaaaaaa	1.2.3	false
^1.2.3-aaaaaaaaaaaaaaaaaaaaaaaaaaaaaaaaaaaaaaaaaaaaaaaaaaaaaaaaaaaaaaaaaaaaaaaaaaaaaaaaaaaaaaaaaaaaaaaaaaaaaaaaaaaaaaaaaaaaaaaaaaaaaaaaaaaaaaaaaaaaaaaaaaaaaaaaaaaaaaaaaaaaaaaaaaaaaaaaaaaaaaaaaaaaaaaaaaaaaaaaaaaaaaaaaaaaaaaaaaaaaaaaaaaaaaaaaaaaaaaaaaaaaaaaaa	1.2.3	true
1.2.x-abbbbbbbbbbbbbbbbbbbbbbbbbbbbbbbbbbbbbbbbbbbbbbbbbbbbbbbbbbbbbbbbbbbbbbbbbbbbbbbbbbbbbbbbbbbbbbbbbbbbbbbbbbbbbbbbbbbbbbbbbbbbbbbbbbbbbbbbbbbbbbbbbbbbbbbbbbbbbbbbbbbbbbbbbbbbbbbbbbbbbbbbbbbbbbbbbbbbbbbbbbbbbbbbbbbbbbbbbbbbbbbbbbbbbbbbbbbbbbbbbbbbbbbbbb	1.2.3	true
1.2.x+bbbbbbbbbbbbbbbbbbbbbbbbbbbbbbbbbbbbbbbbbbbbbbbbbbbbbbbbbbbbbbbbbbbbbbbbbbbbbbbbbbbbbbbbbbbbbbbbbbbbbbbbbbbbbbbbbbbbbbbbbbbbbbbbbbbbbbbbbbbbbbbbbbbbbbbbbbbbbbbbbbbbbbbbbbbbbbbbbbbbbbbbbbbbbbbbbbbbbbbbbbbbbbbbbbbbbbbbbbbbbbbbbbbbbbbbbbbbbbbbbbbbbbbbbb	1.2.3	true
1.2.x-1111111111111111111111111111111111111111111111111111111111111111111111111111111111111111111111111111111111111111111111111111111111111111111111111111111111111111111111111111111111111111111111111111111111111111111111111111111111111111111111111111111111111111abbb	1.2.3	true
1.2.x-11111111111111111111111111111111111111111111111111111111111111111111111111111111111111111111111111111111111111111111111111111111111111111111111111111111111111111111111111111111111111111111111111111111111111111111111111111111111111111111111111111111111111111	1.2.3	true
1.2.3-aaaaaaaaaaaaaaaaaaaaaaaaaaaaaaaaaaaaaaaaaaaaaaaaaaaaaaaaaaaaaaaaaaaaaaaaaaaaaaaaaaaaaaaaaaaaaaaaaaaaaaaaaaaaaaaaaaaaaaaaaaaaaaaaaaaaaaaaaaaaaaaaaaaaaaaaaaaaaaaaaaaaaaaaaaaaaaaaaaaaaaaaaaaaaaaaaaaaaaaaaaaaaaaaaaaaaaaaaaaaaaaaaaaaaaaaaaaaaaaaaaaaaaaaaaa	-	invalid
^1.2.3-aaaaaaaaaaaaaaaaaaaaaaaaaaaaaaaaaaaaaaaaaaaaaaaaaaaaaaaaaaaaaaaaaaaaaaaaaaaaaaaaaaaaaaaaaaaaaaaaaaaaaaaaaaaaaaaaaaaaaaaaaaaaaaaaaaaaaaaaaaaaaaaaaaaaaaaaaaaaaaaaaaaaaaaaaaaaaaaaaaaaaaaaaaaaaaaaaaaaaaaaaaaaaaaaaaaaaaaaaaaaaaaaaaaaaaaaaaaaaaaaaaaaaaaaaaa	-	invalid
1.2.x-abbbbbbbbbbbbbbbbbbbbbbbbbbbbbbbbbbbbbbbbbbbbbbbbbbbbbbbbbbbbbbbbbbbbbbbbbbbbbbbbbbbbbbbbbbbbbbbbbbbbbbbbbbbbbbbbbbbbbbbbbbbbbbbbbbbbbbbbbbbbbbbbbbbbbbbbbbbbbbbbbbbbbbbbbbbbbbbbbbbbbbbbbbbbbbbbbbbbbbbbbbbbbbbbbbbbbbbbbbbbbbbbbbbbbbbbbbbbbbbbbbbbbbbbbbb	-	invalid
1.2.x+bbbbbbbbbbbbbbbbbbbbbbbbbbbbbbbbbbbbbbbbbbbbbbbbbbbbbbbbbbbbbbbbbbbbbbbbbbbbbbbbbbbbbbbbbbbbbbbbbbbbbbbbbbbbbbbbbbbbbbbbbbbbbbbbbbbbbbbbbbbbbbbbbbbbbbbbbbbbbbbbbbbbbbbbbbbbbbbbbbbbbbbbbbbbbbbbbbbbbbbbbbbbbbbbbbbbbbbbbbbbbbbbbbbbbbbbbbbbbbbbbbbbbbbbbbb	1.2.3	true
1.2.x-11111111111111111111111111111111111111111111111111111111111111111111111111111111111111111111111111111111111111111111111111111111111111111111111111111111111111111111111111111111111111111111111111111111111111111111111111111111111111111111111111111111111111111abbb	-	invalid
1.2.x-111111111111111111111111111111111111111111111111111111111111111111111111111111111111111111111111111111111111111111111111111111111111111111111111111111111111111111111111111111111111111111111111111111111111111111111111111111111111111111111111111111111111111111	-	invalid
1.2.3-aaaaaaaaaaaaaaaaaaaaaaaaaaaaaaaaaaaaaaaaaaaaaaaaaaaaaaaaaaaaaaaaaaaaaaaaaaaaaaaaaaaaaaaaaaaaaaaaaaaa.aaaaaaaaaaaaaaaaaaaaaaaaaaaaaaaaaaaaaaaaaaaaaaaaaaaaaaaaaaaaaaaaaaaaaaaaaaaaaaaaaaaaaaaaaaaaaaaaaaaa.aaaaaaaaaaaaaaaaaaaaaaaaaaaaaaaaaaaaaaaaaaaaaaa	1.2.3-aaaaaaaaaaaaaaaaaaaaaaaaaaaaaaaaaaaaaaaaaaaaaaaaaaaaaaaaaaaaaaaaaaaaaaaaaaaaaaaaaaaaaaaaaaaaaaaaaaaa.aaaaaaaaaaaaaaaaaaaaaaaaaaaaaaaaaaaaaaaaaaaaaaaaaaaaaaaaaaaaaaaaaaaaaaaaaaaaaaaaaaaaaaaaaaaaaaaaaaaa.aaaaaaaaaaaaaaaaaaaaaaaaaaaaaaaaaaaaaaaaaaaaaaa	true
1.2.3-aaaaaaaaaaaaaaaaaaaaaaaaaaaaaaaaaaaaaaaaaaaaaaaaaaaaaaaaaaaaaaaaaaaaaaaaaaaaaaaaaaaaaaaaaaaaaaaaaaaa.aaaaaaaaaaaaaaaaaaaaaaaaaaaaaaaaaaaaaaaaaaaaaaaaaaaaaaaaaaaaaaaaaaaaaaaaaaaaaaaaaaaaaaaaaaaaaaaaaaaa.aaaaaaaaaaaaaaaaaaaaaaaaaaaaaaaaaaaaaaaaaaaaaaa	1.2.3	false
>=1.2.3-aaaaaaaaaaaaaaaaaaaaaaaaaaaaaaaaaaaaaaaaaaaaaaaaaaaaaaaaaaaaaaaaaaaaaaaaaaaaaaaaaaaaaaaaaaaaaaaaaaaa.aaaaaaaaaaaaaaaaaaaaaaaaaaaaaaaaaaaaaaaaaaaaaaaaaaaaaaaaaaaaaaaaaaaaaaaaaaaaaaaaaaaaaaaaaaaaaaaaaaaa.aaaaaaaaaaaaaaaaaaaaaaaaaaaaaaaaaaaaaaaaaaaaaaa	1.2.3-aaaaaaaaaaaaaaaaaaaaaaaaaaaaaaaaaaaaaaaaaaaaaaaaaaaaaaaaaaaaaaaaaaaaaaaaaaaaaaaaaaaaaaaaaaaaaaaaaaaa.aaaaaaaaaaaaaaaaaaaaaaaaaaaaaaaaaaaaaaaaaaaaaaaaaaaaaaaaaaaaaaaaaaaaaaaaaaaaaaaaaaaaaaaaaaaaaaaaaaaa.aaaaaaaaaaaaaaaaaaaaaaaaaaaaaaaaaaaaaaaaaaaaaaa	true
>=1.2.3-aaaaaaaaaaaaaaaaaaaaaaaaaaaaaaaaaaaaaaaaaaaaaaaaaaaaaaaaaaaaaaaaaaaaaaaaaaaaaaaaaaaaaaaaaaaaaaaaaaaa.aaaaaaaaaaaaaaaaaaaaaaaaaaaaaaaaaaaaaaaaaaaaaaaaaaaaaaaaaaaaaaaaaaaaaaaaaaaaaaaaaaaaaaaaaaaaaaaaaaaa.aaaaaaaaaaaaaaaaaaaaaaaaaaaaaaaaaaaaaaaaaaaaaaa	1.2.3	true
v1.2.3-aaaaaaaaaaaaaaaaaaaaaaaaaaaaaaaaaaaaaaaaaaaaaaaaaaaaaaaaaaaaaaaaaaaaaaaaaaaaaaaaaaaaaaaaaaaaaaaaaaaa.aaaaaaaaaaaaaaaaaaaaaaaaaaaaaaaaaaaaaaaaaaaaaaaaaaaaaaaaaaaaaaaaaaaaaaaaaaaaaaaaaaaaaaaaaaaaaaaaaaaa.aaaaaaaaaaaaaaaaaaaaaaaaaaaaaaaaaaaaaaaaaaaaaaa	1.2.3-aaaaaaaaaaaaaaaaaaaaaaaaaaaaaaaaaaaaaaaaaaaaaaaaaaaaaaaaaaaaaaaaaaaaaaaaaaaaaaaaaaaaaaaaaaaaaaaaaaaa.aaaaaaaaaaaaaaaaaaaaaaaaaaaaaaaaaaaaaaaaaaaaaaaaaaaaaaaaaaaaaaaaaaaaaaaaaaaaaaaaaaaaaaaaaaaaaaaaaaaa.aaaaaaaaaaaaaaaaaaaaaaaaaaaaaaaaaaaaaaaaaaaaaaa	true
v1.2.3-aaaaaaaaaaaaaaaaaaaaaaaaaaaaaaaaaaaaaaaaaaaaaaaaaaaaaaaaaaaaaaaaaaaaaaaaaaaaaaaaaaaaaaaaaaaaaaaaaaaa.aaaaaaaaaaaaaaaaaaaaaaaaaaaaaaaaaaaaaaaaaaaaaaaaaaaaaaaaaaaaaaaaaaaaaaaaaaaaaaaaaaaaaaaaaaaaaaaaaaaa.aaaaaaaaaaaaaaaaaaaaaaaaaaaaaaaaaaaaaaaaaaaaaaa	1.2.3	false
^1.2.3-aaaaaaaaaaaaaaaaaaaaaaaaaaaaaaaaaaaaaaaaaaaaaaaaaaaaaaaaaaaaaaaaaaaaaaaaaaaaaaaaaaaaaaaaaaaaaaaaaaaa.aaaaaaaaaaaaaaaaaaaaaaaaaaaaaaaaaaaaaaaaaaaaaaaaaaaaaaaaaaaaaaaaaaaaaaaaaaaaaaaaaaaaaaaaaaaaaaaaaaaa.aaaaaaaaaaaaaaaaaaaaaaaaaaaaaaaaaaaaaaaaaaaaaaa	1.2.3-aaaaaaaaaaaaaaaaaaaaaaaaaaaaaaaaaaaaaaaaaaaaaaaaaaaaaaaaaaaaaaaaaaaaaaaaaaaaaaaaaaaaaaaaaaaaaaaaaaaa.aaaaaaaaaaaaaaaaaaaaaaaaaaaaaaaaaaaaaaaaaaaaaaaaaaaaaaaaaaaaaaaaaaaaaaaaaaaaaaaaaaaaaaaaaaaaaaaaaaaa.aaaaaaaaaaaaaaaaaaaaaaaaaaaaaaaaaaaaaaaaaaaaaaa	true
^1.2.3-aaaaaaaaaaaaaaaaaaaaaaaaaaaaaaaaaaaaaaaaaaaaaaaaaaaaaaaaaaaaaaaaaaaaaaaaaaaaaaaaaaaaaaaaaaaaaaaaaaaa.aaaaaaaaaaaaaaaaaaaaaaaaaaaaaaaaaaaaaaaaaaaaaaaaaaaaaaaaaaaaaaaaaaaaaaaaaaaaaaaaaaaaaaaaaaaaaaaaaaaa.aaaaaaaaaaaaaaaaaaaaaaaaaaaaaaaaaaaaaaaaaaaaaaa	1.2.3	true
^v1.2.3-aaaaaaaaaaaaaaaaaaaaaaaaaaaaaaaaaaaaaaaaaaaaaaaaaaaaaaaaaaaaaaaaaaaaaaaaaaaaaaaaaaaaaaaaaaaaaaaaaaaa.aaaaaaaaaaaaaaaaaaaaaaaaaaaaaaaaaaaaaaaaaaaaaaaaaaaaaaaaaaaaaaaaaaaaaaaaaaaaaaaaaaaaaaaaaaaaaaaaaaaa.aaaaaaaaaaaaaaaaaaaaaaaaaaaaaaaaaaaaaaaaaaaaaaa	1.2.3-aaaaaaaaaaaaaaaaaaaaaaaaaaaaaaaaaaaaaaaaaaaaaaaaaaaaaaaaaaaaaaaaaaaaaaaaaaaaaaaaaaaaaaaaaaaaaaaaaaaa.aaaaaaaaaaaaaaaaaaaaaaaaaaaaaaaaaaaaaaaaaaaaaaaaaaaaaaaaaaaaaaaaaaaaaaaaaaaaaaaaaaaaaaaaaaaaaaaaaaaa.aaaaaaaaaaaaaaaaaaaaaaaaaaaaaaaaaaaaaaaaaaaaaaa	true
^v1.2.3-aaaaaaaaaaaaaaaaaaaaaaaaaaaaaaaaaaaaaaaaaaaaaaaaaaaaaaaaaaaaaaaaaaaaaaaaaaaaaaaaaaaaaaaaaaaaaaaaaaaa.aaaaaaaaaaaaaaaaaaaaaaaaaaaaaaaaaaaaaaaaaaaaaaaaaaaaaaaaaaaaaaaaaaaaaaaaaaaaaaaaaaaaaaaaaaaaaaaaaaaa.aaaaaaaaaaaaaaaaaaaaaaaaaaaaaaaaaaaaaaaaaaaaaaa	1.2.3	true
~1.2.3-aaaaaaaaaaaaaaaaaaaaaaaaaaaaaaaaaaaaaaaaaaaaaaaaaaaaaaaaaaaaaaaaaaaaaaaaaaaaaaaaaaaaaaaaaaaaaaaaaaaa.aaaaaaaaaaaaaaaaaaaaaaaaaaaaaaaaaaaaaaaaaaaaaaaaaaaaaaaaaaaaaaaaaaaaaaaaaaaaaaaaaaaaaaaaaaaaaaaaaaaa.aaaaaaaaaaaaaaaaaaaaaaaaaaaaaaaaaaaaaaaaaaaaaaa+b	1.2.3-aaaaaaaaaaaaaaaaaaaaaaaaaaaaaaaaaaaaaaaaaaaaaaaaaaaaaaaaaaaaaaaaaaaaaaaaaaaaaaaaaaaaaaaaaaaaaaaaaaaa.aaaaaaaaaaaaaaaaaaaaaaaaaaaaaaaaaaaaaaaaaaaaaaaaaaaaaaaaaaaaaaaaaaaaaaaaaaaaaaaaaaaaaaaaaaaaaaaaaaaa.aaaaaaaaaaaaaaaaaaaaaaaaaaaaaaaaaaaaaaaaaaaaaaa	true
~1.2.3-aaaaaaaaaaaaaaaaaaaaaaaaaaaaaaaaaaaaaaaaaaaaaaaaaaaaaaaaaaaaaaaaaaaaaaaaaaaaaaaaaaaaaaaaaaaaaaaaaaaa.aaaaaaaaaaaaaaaaaaaaaaaaaaaaaaaaaaaaaaaaaaaaaaaaaaaaaaaaaaaaaaaaaaaaaaaaaaaaaaaaaaaaaaaaaaaaaaaaaaaa.aaaaaaaaaaaaaaaaaaaaaaaaaaaaaaaaaaaaaaaaaaaaaaa+b	1.2.3	true
1.2.3-aaaaaaaaaaaaaaaaaaaaaaaaaaaaaaaaaaaaaaaaaaaaaaaaaaaaaaaaaaaaaaaaaaaaaaaaaaaaaaaaaaaaaaaaaaaaaaaaaaaa.aaaaaaaaaaaaaaaaaaaaaaaaaaaaaaaaaaaaaaaaaaaaaaaaaaaaaaaaaaaaaaaaaaaaaaaaaaaaaaaaaaaaaaaaaaaaaaaaaaaa.aaaaaaaaaaaaaaaaaaaaaaaaaaaaaaaaaaaaaaaaaaaaaaa - 2	1.2.3-aaaaaaaaaaaaaaaaaaaaaaaaaaaaaaaaaaaaaaaaaaaaaaaaaaaaaaaaaaaaaaaaaaaaaaaaaaaaaaaaaaaaaaaaaaaaaaaaaaaa.aaaaaaaaaaaaaaaaaaaaaaaaaaaaaaaaaaaaaaaaaaaaaaaaaaaaaaaaaaaaaaaaaaaaaaaaaaaaaaaaaaaaaaaaaaaaaaaaaaaa.aaaaaaaaaaaaaaaaaaaaaaaaaaaaaaaaaaaaaaaaaaaaaaa	true
1.2.3-aaaaaaaaaaaaaaaaaaaaaaaaaaaaaaaaaaaaaaaaaaaaaaaaaaaaaaaaaaaaaaaaaaaaaaaaaaaaaaaaaaaaaaaaaaaaaaaaaaaa.aaaaaaaaaaaaaaaaaaaaaaaaaaaaaaaaaaaaaaaaaaaaaaaaaaaaaaaaaaaaaaaaaaaaaaaaaaaaaaaaaaaaaaaaaaaaaaaaaaaa.aaaaaaaaaaaaaaaaaaaaaaaaaaaaaaaaaaaaaaaaaaaaaaa - 2	1.2.3	true
v1.2.3-aaaaaaaaaaaaaaaaaaaaaaaaaaaaaaaaaaaaaaaaaaaaaaaaaaaaaaaaaaaaaaaaaaaaaaaaaaaaaaaaaaaaaaaaaaaaaaaaaaaa.aaaaaaaaaaaaaaaaaaaaaaaaaaaaaaaaaaaaaaaaaaaaaaaaaaaaaaaaaaaaaaaaaaaaaaaaaaaaaaaaaaaaaaaaaaaaaaaaaaaa.aaaaaaaaaaaaaaaaaaaaaaaaaaaaaaaaaaaaaaaaaaaaaaa - 2	1.2.3-aaaaaaaaaaaaaaaaaaaaaaaaaaaaaaaaaaaaaaaaaaaaaaaaaaaaaaaaaaaaaaaaaaaaaaaaaaaaaaaaaaaaaaaaaaaaaaaaaaaa.aaaaaaaaaaaaaaaaaaaaaaaaaaaaaaaaaaaaaaaaaaaaaaaaaaaaaaaaaaaaaaaaaaaaaaaaaaaaaaaaaaaaaaaaaaaaaaaaaaaa.aaaaaaaaaaaaaaaaaaaaaaaaaaaaaaaaaaaaaaaaaaaaaaa	true
v1.2.3-aaaaaaaaaaaaaaaaaaaaaaaaaaaaaaaaaaaaaaaaaaaaaaaaaaaaaaaaaaaaaaaaaaaaaaaaaaaaaaaaaaaaaaaaaaaaaaaaaaaa.aaaaaaaaaaaaaaaaaaaaaaaaaaaaaaaaaaaaaaaaaaaaaaaaaaaaaaaaaaaaaaaaaaaaaaaaaaaaaaaaaaaaaaaaaaaaaaaaaaaa.aaaaaaaaaaaaaaaaaaaaaaaaaaaaaaaaaaaaaaaaaaaaaaa - 2	1.2.3	true
1 - 1.2.3-aaaaaaaaaaaaaaaaaaaaaaaaaaaaaaaaaaaaaaaaaaaaaaaaaaaaaaaaaaaaaaaaaaaaaaaaaaaaaaaaaaaaaaaaaaaaaaaaaaaa.aaaaaaaaaaaaaaaaaaaaaaaaaaaaaaaaaaaaaaaaaaaaaaaaaaaaaaaaaaaaaaaaaaaaaaaaaaaaaaaaaaaaaaaaaaaaaaaaaaaa.aaaaaaaaaaaaaaaaaaaaaaaaaaaaaaaaaaaaaaaaaaaaaaa	1.2.3-aaaaaaaaaaaaaaaaaaaaaaaaaaaaaaaaaaaaaaaaaaaaaaaaaaaaaaaaaaaaaaaaaaaaaaaaaaaaaaaaaaaaaaaaaaaaaaaaaaaa.aaaaaaaaaaaaaaaaaaaaaaaaaaaaaaaaaaaaaaaaaaaaaaaaaaaaaaaaaaaaaaaaaaaaaaaaaaaaaaaaaaaaaaaaaaaaaaaaaaaa.aaaaaaaaaaaaaaaaaaaaaaaaaaaaaaaaaaaaaaaaaaaaaaa	true
1 - 1.2.3-aaaaaaaaaaaaaaaaaaaaaaaaaaaaaaaaaaaaaaaaaaaaaaaaaaaaaaaaaaaaaaaaaaaaaaaaaaaaaaaaaaaaaaaaaaaaaaaaaaaa.aaaaaaaaaaaaaaaaaaaaaaaaaaaaaaaaaaaaaaaaaaaaaaaaaaaaaaaaaaaaaaaaaaaaaaaaaaaaaaaaaaaaaaaaaaaaaaaaaaaa.aaaaaaaaaaaaaaaaaaaaaaaaaaaaaaaaaaaaaaaaaaaaaaa	1.2.3	false
1 - 1.2.3-aaaaaaaaaaaaaaaaaaaaaaaaaaaaaaaaaaaaaaaaaaaaaaaaaaaaaaaaaaaaaaaaaaaaaaaaaaaaaaaaaaaaaaaaaaaaaaaaaaaa.aaaaaaaaaaaaaaaaaaaaaaaaaaaaaaaaaaaaaaaaaaaaaaaaaaaaaaaaaaaaaaaaaaaaaaaaaaaaaaaaaaaaaaaaaaaaaaaaaaaa.aaaaaaaaaaaaaaaaaaaaaaaaaaaaaaaaaaaaaaaaaaaaaaa+bb	1.2.3-aaaaaaaaaaaaaaaaaaaaaaaaaaaaaaaaaaaaaaaaaaaaaaaaaaaaaaaaaaaaaaaaaaaaaaaaaaaaaaaaaaaaaaaaaaaaaaaaaaaa.aaaaaaaaaaaaaaaaaaaaaaaaaaaaaaaaaaaaaaaaaaaaaaaaaaaaaaaaaaaaaaaaaaaaaaaaaaaaaaaaaaaaaaaaaaaaaaaaaaaa.aaaaaaaaaaaaaaaaaaaaaaaaaaaaaaaaaaaaaaaaaaaaaaa	true
1 - 1.2.3-aaaaaaaaaaaaaaaaaaaaaaaaaaaaaaaaaaaaaaaaaaaaaaaaaaaaaaaaaaaaaaaaaaaaaaaaaaaaaaaaaaaaaaaaaaaaaaaaaaaa.aaaaaaaaaaaaaaaaaaaaaaaaaaaaaaaaaaaaaaaaaaaaaaaaaaaaaaaaaaaaaaaaaaaaaaaaaaaaaaaaaaaaaaaaaaaaaaaaaaaa.aaaaaaaaaaaaaaaaaaaaaaaaaaaaaaaaaaaaaaaaaaaaaaa+bb	1.2.3	false
1 - 1.2.4-a+bbbbbbbbbbbbbbbbbbbbbbbbbbbbbbbbbbbbbbbbbbbbbbbbbbbbbbbbbbbbbbbbbbbbbbbbbbbbbbbbbbbbbbbbbbbbbbbbbbbbbbbbbbbbbbbbbbbbbbbbbbbbbbbbbbbbbbbbbbbbbbbbbbbbbbbbbbbbbbbbbbbbbbbbbbbbbbbbbbbbbbbbbbbbbbbbbbbbbbbbbbbbbbbbbbbbbbbbbbbbbbbbbbbbbbbbbbbbbbbbb	1.2.3-aaaaaaaaaaaaaaaaaaaaaaaaaaaaaaaaaaaaaaaaaaaaaaaaaaaaaaaaaaaaaaaaaaaaaaaaaaaaaaaaaaaaaaaaaaaaaaaaaaaa.aaaaaaaaaaaaaaaaaaaaaaaaaaaaaaaaaaaaaaaaaaaaaaaaaaaaaaaaaaaaaaaaaaaaaaaaaaaaaaaaaaaaaaaaaaaaaaaaaaaa.aaaaaaaaaaaaaaaaaaaaaaaaaaaaaaaaaaaaaaaaaaaaaaa	false
1 - 1.2.4-a+bbbbbbbbbbbbbbbbbbbbbbbbbbbbbbbbbbbbbbbbbbbbbbbbbbbbbbbbbbbbbbbbbbbbbbbbbbbbbbbbbbbbbbbbbbbbbbbbbbbbbbbbbbbbbbbbbbbbbbbbbbbbbbbbbbbbbbbbbbbbbbbbbbbbbbbbbbbbbbbbbbbbbbbbbbbbbbbbbbbbbbbbbbbbbbbbbbbbbbbbbbbbbbbbbbbbbbbbbbbbbbbbbbbbbbbbbbbbbbbbb	1.2.3	true
1 - v1.2.4+bbbbbbbbbbbbbbbbbbbbbbbbbbbbbbbbbbbbbbbbbbbbbbbbbbbbbbbbbbbbbbbbbbbbbbbbbbbbbbbbbbbbbbbbbbbbbbbbbbbbbbbbbbbbbbbbbbbbbbbbbbbbbbbbbbbbbbbbbbbbbbbbbbbbbbbbbbbbbbbbbbbbbbbbbbbbbbbbbbbbbbbbbbbbbbbbbbbbbbbbbbbbbbbbbbbbbbbbbbbbbbbbbbbbbbbbbbbbbbbbbbb	1.2.3-aaaaaaaaaaaaaaaaaaaaaaaaaaaaaaaaaaaaaaaaaaaaaaaaaaaaaaaaaaaaaaaaaaaaaaaaaaaaaaaaaaaaaaaaaaaaaaaaaaaa.aaaaaaaaaaaaaaaaaaaaaaaaaaaaaaaaaaaaaaaaaaaaaaaaaaaaaaaaaaaaaaaaaaaaaaaaaaaaaaaaaaaaaaaaaaaaaaaaaaaa.aaaaaaaaaaaaaaaaaaaaaaaaaaaaaaaaaaaaaaaaaaaaaaa	false
1 - v1.2.4+bbbbbbbbbbbbbbbbbbbbbbbbbbbbbbbbbbbbbbbbbbbbbbbbbbbbbbbbbbbbbbbbbbbbbbbbbbbbbbbbbbbbbbbbbbbbbbbbbbbbbbbbbbbbbbbbbbbbbbbbbbbbbbbbbbbbbbbbbbbbbbbbbbbbbbbbbbbbbbbbbbbbbbbbbbbbbbbbbbbbbbbbbbbbbbbbbbbbbbbbbbbbbbbbbbbbbbbbbbbbbbbbbbbbbbbbbbbbbbbbbbb	1.2.3	true
1.2.4+bbbbbbbbbbbbbbbbbbbbbbbbbbbbbbbbbbbbbbbbbbbbbbbbbbbbbbbbbbbbbbbbbbbbbbbbbbbbbbbbbbbbbbbbbbbbbbbbbbbbbbbbbbbbbbbbbbbbbbbbbbbbbbbbbbbbbbbbbbbbbbbbbbbbbbbbbbbbbbbbbbbbbbbbbbbbbbbbbbbbbbbbbbbbbbbbbbbbbbbbbbbbbbbbbbbbbbbbbbbbbbbbbbbbbbbbbbbbbbbbbbb - 2	1.2.3-aaaaaaaaaaaaaaaaaaaaaaaaaaaaaaaaaaaaaaaaaaaaaaaaaaaaaaaaaaaaaaaaaaaaaaaaaaaaaaaaaaaaaaaaaaaaaaaaaaaa.aaaaaaaaaaaaaaaaaaaaaaaaaaaaaaaaaaaaaaaaaaaaaaaaaaaaaaaaaaaaaaaaaaaaaaaaaaaaaaaaaaaaaaaaaaaaaaaaaaaa.aaaaaaaaaaaaaaaaaaaaaaaaaaaaaaaaaaaaaaaaaaaaaaa	false
1.2.4+bbbbbbbbbbbbbbbbbbbbbbbbbbbbbbbbbbbbbbbbbbbbbbbbbbbbbbbbbbbbbbbbbbbbbbbbbbbbbbbbbbbbbbbbbbbbbbbbbbbbbbbbbbbbbbbbbbbbbbbbbbbbbbbbbbbbbbbbbbbbbbbbbbbbbbbbbbbbbbbbbbbbbbbbbbbbbbbbbbbbbbbbbbbbbbbbbbbbbbbbbbbbbbbbbbbbbbbbbbbbbbbbbbbbbbbbbbbbbbbbbbb - 2	1.2.3	false
>=1.2.3+bbbbbbbbbbbbbbbbbbbbbbbbbbbbbbbbbbbbbbbbbbbbbbbbbbbbbbbbbbbbbbbbbbbbbbbbbbbbbbbbbbbbbbbbbbbbbbbbbbbbbbbbbbbbbbbbbbbbbbbbbbbbbbbbbbbbbbbbbbbbbbbbbbbbbbbbbbbbbbbbbbbbbbbbbbbbbbbbbbbbbbbbbbbbbbbbbbbbbbbbbbbbbbbbbbbbbbbbbbbbbbbbbbbbbbbbbbbbbbbbbbb	1.2.3-aaaaaaaaaaaaaaaaaaaaaaaaaaaaaaaaaaaaaaaaaaaaaaaaaaaaaaaaaaaaaaaaaaaaaaaaaaaaaaaaaaaaaaaaaaaaaaaaaaaa.aaaaaaaaaaaaaaaaaaaaaaaaaaaaaaaaaaaaaaaaaaaaaaaaaaaaaaaaaaaaaaaaaaaaaaaaaaaaaaaaaaaaaaaaaaaaaaaaaaaa.aaaaaaaaaaaaaaaaaaaaaaaaaaaaaaaaaaaaaaaaaaaaaaa	false
>=1.2.3+bbbbbbbbbbbbbbbbbbbbbbbbbbbbbbbbbbbbbbbbbbbbbbbbbbbbbbbbbbbbbbbbbbbbbbbbbbbbbbbbbbbbbbbbbbbbbbbbbbbbbbbbbbbbbbbbbbbbbbbbbbbbbbbbbbbbbbbbbbbbbbbbbbbbbbbbbbbbbbbbbbbbbbbbbbbbbbbbbbbbbbbbbbbbbbbbbbbbbbbbbbbbbbbbbbbbbbbbbbbbbbbbbbbbbbbbbbbbbbbbbbb	1.2.3	true
>=1.2.3	1.2.3+bbbbbbbbbbbbbbbbbbbbbbbbbbbbbbbbbbbbbbbbbbbbbbbbbbbbbbbbbbbbbbbbbbbbbbbbbbbbbbbbbbbbbbbbbbbbbbbbbbbbbbbbbbbbbbbbbbbbbbbbbbbbbbbbbbbbbbbbbbbbbbbbbbbbbbbbbbbbbbbbbbbbbbbbbbbbbbbbbbbbbbbbbbbbbbbbbbbbbbbbbbbbbbbbbbbbbbbbbbbbbbbbbbbbbbbbbbbbbbbbbbb	true
>=1.2.3	 1.2.3+bbbbbbbbbbbbbbbbbbbbbbbbbbbbbbbbbbbbbbbbbbbbbbbbbbbbbbbbbbbbbbbbbbbbbbbbbbbbbbbbbbbbbbbbbbbbbbbbbbbbbbbbbbbbbbbbbbbbbbbbbbbbbbbbbbbbbbbbbbbbbbbbbbbbbbbbbbbbbbbbbbbbbbbbbbbbbbbbbbbbbbbbbbbbbbbbbbbbbbbbbbbbbbbbbbbbbbbbbbbbbbbbbbbbbbbbbbbbbbbbbb	true
1.2.3-aaaaaaaaaaaaaaaaaaaaaaaaaaaaaaaaaaaaaaaaaaaaaaaaaaaaaaaaaaaaaaaaaaaaaaaaaaaaaaaaaaaaaaaaaaaaaaaaaaaa.aaaaaaaaaaaaaaaaaaaaaaaaaaaaaaaaaaaaaaaaaaaaaaaaaaaaaaaaaaaaaaaaaaaaaaaaaaaaaaaaaaaaaaaaaaaaaaaaaaaa.aaaaaaaaaaaaaaaaaaaaaaaaaaaaaaaaaaaaaaaaaaaaaaaa	1.2.3-aaaaaaaaaaaaaaaaaaaaaaaaaaaaaaaaaaaaaaaaaaaaaaaaaaaaaaaaaaaaaaaaaaaaaaaaaaaaaaaaaaaaaaaaaaaaaaaaaaaa.aaaaaaaaaaaaaaaaaaaaaaaaaaaaaaaaaaaaaaaaaaaaaaaaaaaaaaaaaaaaaaaaaaaaaaaaaaaaaaaaaaaaaaaaaaaaaaaaaaaa.aaaaaaaaaaaaaaaaaaaaaaaaaaaaaaaaaaaaaaaaaaaaaaaa	true
1.2.3-aaaaaaaaaaaaaaaaaaaaaaaaaaaaaaaaaaaaaaaaaaaaaaaaaaaaaaaaaaaaaaaaaaaaaaaaaaaaaaaaaaaaaaaaaaaaaaaaaaaa.aaaaaaaaaaaaaaaaaaaaaaaaaaaaaaaaaaaaaaaaaaaaaaaaaaaaaaaaaaaaaaaaaaaaaaaaaaaaaaaaaaaaaaaaaaaaaaaaaaaa.aaaaaaaaaaaaaaaaaaaaaaaaaaaaaaaaaaaaaaaaaaaaaaaa	1.2.3	false
>=1.2.3-aaaaaaaaaaaaaaaaaaaaaaaaaaaaaaaaaaaaaaaaaaaaaaaaaaaaaaaaaaaaaaaaaaaaaaaaaaaaaaaaaaaaaaaaaaaaaaaaaaaa.aaaaaaaaaaaaaaaaaaaaaaaaaaaaaaaaaaaaaaaaaaaaaaaaaaaaaaaaaaaaaaaaaaaaaaaaaaaaaaaaaaaaaaaaaaaaaaaaaaaa.aaaaaaaaaaaaaaaaaaaaaaaaaaaaaaaaaaaaaaaaaaaaaaaa	1.2.3-aaaaaaaaaaaaaaaaaaaaaaaaaaaaaaaaaaaaaaaaaaaaaaaaaaaaaaaaaaaaaaaaaaaaaaaaaaaaaaaaaaaaaaaaaaaaaaaaaaaa.aaaaaaaaaaaaaaaaaaaaaaaaaaaaaaaaaaaaaaaaaaaaaaaaaaaaaaaaaaaaaaaaaaaaaaaaaaaaaaaaaaaaaaaaaaaaaaaaaaaa.aaaaaaaaaaaaaaaaaaaaaaaaaaaaaaaaaaaaaaaaaaaaaaaa	true
>=1.2.3-aaaaaaaaaaaaaaaaaaaaaaaaaaaaaaaaaaaaaaaaaaaaaaaaaaaaaaaaaaaaaaaaaaaaaaaaaaaaaaaaaaaaaaaaaaaaaaaaaaaa.aaaaaaaaaaaaaaaaaaaaaaaaaaaaaaaaaaaaaaaaaaaaaaaaaaaaaaaaaaaaaaaaaaaaaaaaaaaaaaaaaaaaaaaaaaaaaaaaaaaa.aaaaaaaaaaaaaaaaaaaaaaaaaaaaaaaaaaaaaaaaaaaaaaaa	1.2.3	true
v1.2.3-aaaaaaaaaaaaaaaaaaaaaaaaaaaaaaaaaaaaaaaaaaaaaaaaaaaaaaaaaaaaaaaaaaaaaaaaaaaaaaaaaaaaaaaaaaaaaaaaaaaa.aaaaaaaaaaaaaaaaaaaaaaaaaaaaaaaaaaaaaaaaaaaaaaaaaaaaaaaaaaaaaaaaaaaaaaaaaaaaaaaaaaaaaaaaaaaaaaaaaaaa.aaaaaaaaaaaaaaaaaaaaaaaaaaaaaaaaaaaaaaaaaaaaaaaa	-	invalid
v1.2.3-aaaaaaaaaaaaaaaaaaaaaaaaaaaaaaaaaaaaaaaaaaaaaaaaaaaaaaaaaaaaaaaaaaaaaaaaaaaaaaaaaaaaaaaaaaaaaaaaaaaa.aaaaaaaaaaaaaaaaaaaaaaaaaaaaaaaaaaaaaaaaaaaaaaaaaaaaaaaaaaaaaaaaaaaaaaaaaaaaaaaaaaaaaaaaaaaaaaaaaaaa.aaaaaaaaaaaaaaaaaaaaaaaaaaaaaaaaaaaaaaaaaaaaaaaa	-	invalid
^1.2.3-aaaaaaaaaaaaaaaaaaaaaaaaaaaaaaaaaaaaaaaaaaaaaaaaaaaaaaaaaaaaaaaaaaaaaaaaaaaaaaaaaaaaaaaaaaaaaaaaaaaa.aaaaaaaaaaaaaaaaaaaaaaaaaaaaaaaaaaaaaaaaaaaaaaaaaaaaaaaaaaaaaaaaaaaaaaaaaaaaaaaaaaaaaaaaaaaaaaaaaaaa.aaaaaaaaaaaaaaaaaaaaaaaaaaaaaaaaaaaaaaaaaaaaaaaa	1.2.3-aaaaaaaaaaaaaaaaaaaaaaaaaaaaaaaaaaaaaaaaaaaaaaaaaaaaaaaaaaaaaaaaaaaaaaaaaaaaaaaaaaaaaaaaaaaaaaaaaaaa.aaaaaaaaaaaaaaaaaaaaaaaaaaaaaaaaaaaaaaaaaaaaaaaaaaaaaaaaaaaaaaaaaaaaaaaaaaaaaaaaaaaaaaaaaaaaaaaaaaaa.aaaaaaaaaaaaaaaaaaaaaaaaaaaaaaaaaaaaaaaaaaaaaaaa	true
^1.2.3-aaaaaaaaaaaaaaaaaaaaaaaaaaaaaaaaaaaaaaaaaaaaaaaaaaaaaaaaaaaaaaaaaaaaaaaaaaaaaaaaaaaaaaaaaaaaaaaaaaaa.aaaaaaaaaaaaaaaaaaaaaaaaaaaaaaaaaaaaaaaaaaaaaaaaaaaaaaaaaaaaaaaaaaaaaaaaaaaaaaaaaaaaaaaaaaaaaaaaaaaa.aaaaaaaaaaaaaaaaaaaaaaaaaaaaaaaaaaaaaaaaaaaaaaaa	1.2.3	true
^v1.2.3-aaaaaaaaaaaaaaaaaaaaaaaaaaaaaaaaaaaaaaaaaaaaaaaaaaaaaaaaaaaaaaaaaaaaaaaaaaaaaaaaaaaaaaaaaaaaaaaaaaaa.aaaaaaaaaaaaaaaaaaaaaaaaaaaaaaaaaaaaaaaaaaaaaaaaaaaaaaaaaaaaaaaaaaaaaaaaaaaaaaaaaaaaaaaaaaaaaaaaaaaa.aaaaaaaaaaaaaaaaaaaaaaaaaaaaaaaaaaaaaaaaaaaaaaaa	1.2.3-aaaaaaaaaaaaaaaaaaaaaaaaaaaaaaaaaaaaaaaaaaaaaaaaaaaaaaaaaaaaaaaaaaaaaaaaaaaaaaaaaaaaaaaaaaaaaaaaaaaa.aaaaaaaaaaaaaaaaaaaaaaaaaaaaaaaaaaaaaaaaaaaaaaaaaaaaaaaaaaaaaaaaaaaaaaaaaaaaaaaaaaaaaaaaaaaaaaaaaaaa.aaaaaaaaaaaaaaaaaaaaaaaaaaaaaaaaaaaaaaaaaaaaaaaa	true
^v1.2.3-aaaaaaaaaaaaaaaaaaaaaaaaaaaaaaaaaaaaaaaaaaaaaaaaaaaaaaaaaaaaaaaaaaaaaaaaaaaaaaaaaaaaaaaaaaaaaaaaaaaa.aaaaaaaaaaaaaaaaaaaaaaaaaaaaaaaaaaaaaaaaaaaaaaaaaaaaaaaaaaaaaaaaaaaaaaaaaaaaaaaaaaaaaaaaaaaaaaaaaaaa.aaaaaaaaaaaaaaaaaaaaaaaaaaaaaaaaaaaaaaaaaaaaaaaa	1.2.3	true
~1.2.3-aaaaaaaaaaaaaaaaaaaaaaaaaaaaaaaaaaaaaaaaaaaaaaaaaaaaaaaaaaaaaaaaaaaaaaaaaaaaaaaaaaaaaaaaaaaaaaaaaaaa.aaaaaaaaaaaaaaaaaaaaaaaaaaaaaaaaaaaaaaaaaaaaaaaaaaaaaaaaaaaaaaaaaaaaaaaaaaaaaaaaaaaaaaaaaaaaaaaaaaaa.aaaaaaaaaaaaaaaaaaaaaaaaaaaaaaaaaaaaaaaaaaaaaaaa+b	1.2.3-aaaaaaaaaaaaaaaaaaaaaaaaaaaaaaaaaaaaaaaaaaaaaaaaaaaaaaaaaaaaaaaaaaaaaaaaaaaaaaaaaaaaaaaaaaaaaaaaaaaa.aaaaaaaaaaaaaaaaaaaaaaaaaaaaaaaaaaaaaaaaaaaaaaaaaaaaaaaaaaaaaaaaaaaaaaaaaaaaaaaaaaaaaaaaaaaaaaaaaaaa.aaaaaaaaaaaaaaaaaaaaaaaaaaaaaaaaaaaaaaaaaaaaaaaa	true
~1.2.3-aaaaaaaaaaaaaaaaaaaaaaaaaaaaaaaaaaaaaaaaaaaaaaaaaaaaaaaaaaaaaaaaaaaaaaaaaaaaaaaaaaaaaaaaaaaaaaaaaaaa.aaaaaaaaaaaaaaaaaaaaaaaaaaaaaaaaaaaaaaaaaaaaaaaaaaaaaaaaaaaaaaaaaaaaaaaaaaaaaaaaaaaaaaaaaaaaaaaaaaaa.aaaaaaaaaaaaaaaaaaaaaaaaaaaaaaaaaaaaaaaaaaaaaaaa+b	1.2.3	true
1.2.3-aaaaaaaaaaaaaaaaaaaaaaaaaaaaaaaaaaaaaaaaaaaaaaaaaaaaaaaaaaaaaaaaaaaaaaaaaaaaaaaaaaaaaaaaaaaaaaaaaaaa.aaaaaaaaaaaaaaaaaaaaaaaaaaaaaaaaaaaaaaaaaaaaaaaaaaaaaaaaaaaaaaaaaaaaaaaaaaaaaaaaaaaaaaaaaaaaaaaaaaaa.aaaaaaaaaaaaaaaaaaaaaaaaaaaaaaaaaaaaaaaaaaaaaaaa - 2	1.2.3-aaaaaaaaaaaaaaaaaaaaaaaaaaaaaaaaaaaaaaaaaaaaaaaaaaaaaaaaaaaaaaaaaaaaaaaaaaaaaaaaaaaaaaaaaaaaaaaaaaaa.aaaaaaaaaaaaaaaaaaaaaaaaaaaaaaaaaaaaaaaaaaaaaaaaaaaaaaaaaaaaaaaaaaaaaaaaaaaaaaaaaaaaaaaaaaaaaaaaaaaa.aaaaaaaaaaaaaaaaaaaaaaaaaaaaaaaaaaaaaaaaaaaaaaaa	true
1.2.3-aaaaaaaaaaaaaaaaaaaaaaaaaaaaaaaaaaaaaaaaaaaaaaaaaaaaaaaaaaaaaaaaaaaaaaaaaaaaaaaaaaaaaaaaaaaaaaaaaaaa.aaaaaaaaaaaaaaaaaaaaaaaaaaaaaaaaaaaaaaaaaaaaaaaaaaaaaaaaaaaaaaaaaaaaaaaaaaaaaaaaaaaaaaaaaaaaaaaaaaaa.aaaaaaaaaaaaaaaaaaaaaaaaaaaaaaaaaaaaaaaaaaaaaaaa - 2	1.2.3	true
v1.2.3-aaaaaaaaaaaaaaaaaaaaaaaaaaaaaaaaaaaaaaaaaaaaaaaaaaaaaaaaaaaaaaaaaaaaaaaaaaaaaaaaaaaaaaaaaaaaaaaaaaaa.aaaaaaaaaaaaaaaaaaaaaaaaaaaaaaaaaaaaaaaaaaaaaaaaaaaaaaaaaaaaaaaaaaaaaaaaaaaaaaaaaaaaaaaaaaaaaaaaaaaa.aaaaaaaaaaaaaaaaaaaaaaaaaaaaaaaaaaaaaaaaaaaaaaaa - 2	-	invalid
v1.2.3-aaaaaaaaaaaaaaaaaaaaaaaaaaaaaaaaaaaaaaaaaaaaaaaaaaaaaaaaaaaaaaaaaaaaaaaaaaaaaaaaaaaaaaaaaaaaaaaaaaaa.aaaaaaaaaaaaaaaaaaaaaaaaaaaaaaaaaaaaaaaaaaaaaaaaaaaaaaaaaaaaaaaaaaaaaaaaaaaaaaaaaaaaaaaaaaaaaaaaaaaa.aaaaaaaaaaaaaaaaaaaaaaaaaaaaaaaaaaaaaaaaaaaaaaaa - 2	-	invalid
1 - 1.2.3-aaaaaaaaaaaaaaaaaaaaaaaaaaaaaaaaaaaaaaaaaaaaaaaaaaaaaaaaaaaaaaaaaaaaaaaaaaaaaaaaaaaaaaaaaaaaaaaaaaaa.aaaaaaaaaaaaaaaaaaaaaaaaaaaaaaaaaaaaaaaaaaaaaaaaaaaaaaaaaaaaaaaaaaaaaaaaaaaaaaaaaaaaaaaaaaaaaaaaaaaa.aaaaaaaaaaaaaaaaaaaaaaaaaaaaaaaaaaaaaaaaaaaaaaaa	1.2.3-aaaaaaaaaaaaaaaaaaaaaaaaaaaaaaaaaaaaaaaaaaaaaaaaaaaaaaaaaaaaaaaaaaaaaaaaaaaaaaaaaaaaaaaaaaaaaaaaaaaa.aaaaaaaaaaaaaaaaaaaaaaaaaaaaaaaaaaaaaaaaaaaaaaaaaaaaaaaaaaaaaaaaaaaaaaaaaaaaaaaaaaaaaaaaaaaaaaaaaaaa.aaaaaaaaaaaaaaaaaaaaaaaaaaaaaaaaaaaaaaaaaaaaaaaa	true
1 - 1.2.3-aaaaaaaaaaaaaaaaaaaaaaaaaaaaaaaaaaaaaaaaaaaaaaaaaaaaaaaaaaaaaaaaaaaaaaaaaaaaaaaaaaaaaaaaaaaaaaaaaaaa.aaaaaaaaaaaaaaaaaaaaaaaaaaaaaaaaaaaaaaaaaaaaaaaaaaaaaaaaaaaaaaaaaaaaaaaaaaaaaaaaaaaaaaaaaaaaaaaaaaaa.aaaaaaaaaaaaaaaaaaaaaaaaaaaaaaaaaaaaaaaaaaaaaaaa	1.2.3	false
1 - 1.2.3-aaaaaaaaaaaaaaaaaaaaaaaaaaaaaaaaaaaaaaaaaaaaaaaaaaaaaaaaaaaaaaaaaaaaaaaaaaaaaaaaaaaaaaaaaaaaaaaaaaaa.aaaaaaaaaaaaaaaaaaaaaaaaaaaaaaaaaaaaaaaaaaaaaaaaaaaaaaaaaaaaaaaaaaaaaaaaaaaaaaaaaaaaaaaaaaaaaaaaaaaa.aaaaaaaaaaaaaaaaaaaaaaaaaaaaaaaaaaaaaaaaaaaaaaaa+bb	1.2.3-aaaaaaaaaaaaaaaaaaaaaaaaaaaaaaaaaaaaaaaaaaaaaaaaaaaaaaaaaaaaaaaaaaaaaaaaaaaaaaaaaaaaaaaaaaaaaaaaaaaa.aaaaaaaaaaaaaaaaaaaaaaaaaaaaaaaaaaaaaaaaaaaaaaaaaaaaaaaaaaaaaaaaaaaaaaaaaaaaaaaaaaaaaaaaaaaaaaaaaaaa.aaaaaaaaaaaaaaaaaaaaaaaaaaaaaaaaaaaaaaaaaaaaaaaa	true
1 - 1.2.3-aaaaaaaaaaaaaaaaaaaaaaaaaaaaaaaaaaaaaaaaaaaaaaaaaaaaaaaaaaaaaaaaaaaaaaaaaaaaaaaaaaaaaaaaaaaaaaaaaaaa.aaaaaaaaaaaaaaaaaaaaaaaaaaaaaaaaaaaaaaaaaaaaaaaaaaaaaaaaaaaaaaaaaaaaaaaaaaaaaaaaaaaaaaaaaaaaaaaaaaaa.aaaaaaaaaaaaaaaaaaaaaaaaaaaaaaaaaaaaaaaaaaaaaaaa+bb	1.2.3	false
1 - 1.2.4-a+bbbbbbbbbbbbbbbbbbbbbbbbbbbbbbbbbbbbbbbbbbbbbbbbbbbbbbbbbbbbbbbbbbbbbbbbbbbbbbbbbbbbbbbbbbbbbbbbbbbbbbbbbbbbbbbbbbbbbbbbbbbbbbbbbbbbbbbbbbbbbbbbbbbbbbbbbbbbbbbbbbbbbbbbbbbbbbbbbbbbbbbbbbbbbbbbbbbbbbbbbbbbbbbbbbbbbbbbbbbbbbbbbbbbbbbbbbbbbbbbbb	1.2.3-aaaaaaaaaaaaaaaaaaaaaaaaaaaaaaaaaaaaaaaaaaaaaaaaaaaaaaaaaaaaaaaaaaaaaaaaaaaaaaaaaaaaaaaaaaaaaaaaaaaa.aaaaaaaaaaaaaaaaaaaaaaaaaaaaaaaaaaaaaaaaaaaaaaaaaaaaaaaaaaaaaaaaaaaaaaaaaaaaaaaaaaaaaaaaaaaaaaaaaaaa.aaaaaaaaaaaaaaaaaaaaaaaaaaaaaaaaaaaaaaaaaaaaaaaa	false
1 - 1.2.4-a+bbbbbbbbbbbbbbbbbbbbbbbbbbbbbbbbbbbbbbbbbbbbbbbbbbbbbbbbbbbbbbbbbbbbbbbbbbbbbbbbbbbbbbbbbbbbbbbbbbbbbbbbbbbbbbbbbbbbbbbbbbbbbbbbbbbbbbbbbbbbbbbbbbbbbbbbbbbbbbbbbbbbbbbbbbbbbbbbbbbbbbbbbbbbbbbbbbbbbbbbbbbbbbbbbbbbbbbbbbbbbbbbbbbbbbbbbbbbbbbbbb	1.2.3	true
1 - v1.2.4+bbbbbbbbbbbbbbbbbbbbbbbbbbbbbbbbbbbbbbbbbbbbbbbbbbbbbbbbbbbbbbbbbbbbbbbbbbbbbbbbbbbbbbbbbbbbbbbbbbbbbbbbbbbbbbbbbbbbbbbbbbbbbbbbbbbbbbbbbbbbbbbbbbbbbbbbbbbbbbbbbbbbbbbbbbbbbbbbbbbbbbbbbbbbbbbbbbbbbbbbbbbbbbbbbbbbbbbbbbbbbbbbbbbbbbbbbbbbbbbbbbbb	1.2.3-aaaaaaaaaaaaaaaaaaaaaaaaaaaaaaaaaaaaaaaaaaaaaaaaaaaaaaaaaaaaaaaaaaaaaaaaaaaaaaaaaaaaaaaaaaaaaaaaaaaa.aaaaaaaaaaaaaaaaaaaaaaaaaaaaaaaaaaaaaaaaaaaaaaaaaaaaaaaaaaaaaaaaaaaaaaaaaaaaaaaaaaaaaaaaaaaaaaaaaaaa.aaaaaaaaaaaaaaaaaaaaaaaaaaaaaaaaaaaaaaaaaaaaaaaa	false
1 - v1.2.4+bbbbbbbbbbbbbbbbbbbbbbbbbbbbbbbbbbbbbbbbbbbbbbbbbbbbbbbbbbbbbbbbbbbbbbbbbbbbbbbbbbbbbbbbbbbbbbbbbbbbbbbbbbbbbbbbbbbbbbbbbbbbbbbbbbbbbbbbbbbbbbbbbbbbbbbbbbbbbbbbbbbbbbbbbbbbbbbbbbbbbbbbbbbbbbbbbbbbbbbbbbbbbbbbbbbbbbbbbbbbbbbbbbbbbbbbbbbbbbbbbbbb	1.2.3	true
1.2.4+bbbbbbbbbbbbbbbbbbbbbbbbbbbbbbbbbbbbbbbbbbbbbbbbbbbbbbbbbbbbbbbbbbbbbbbbbbbbbbbbbbbbbbbbbbbbbbbbbbbbbbbbbbbbbbbbbbbbbbbbbbbbbbbbbbbbbbbbbbbbbbbbbbbbbbbbbbbbbbbbbbbbbbbbbbbbbbbbbbbbbbbbbbbbbbbbbbbbbbbbbbbbbbbbbbbbbbbbbbbbbbbbbbbbbbbbbbbbbbbbbbbb - 2	1.2.3-aaaaaaaaaaaaaaaaaaaaaaaaaaaaaaaaaaaaaaaaaaaaaaaaaaaaaaaaaaaaaaaaaaaaaaaaaaaaaaaaaaaaaaaaaaaaaaaaaaaa.aaaaaaaaaaaaaaaaaaaaaaaaaaaaaaaaaaaaaaaaaaaaaaaaaaaaaaaaaaaaaaaaaaaaaaaaaaaaaaaaaaaaaaaaaaaaaaaaaaaa.aaaaaaaaaaaaaaaaaaaaaaaaaaaaaaaaaaaaaaaaaaaaaaaa	false
1.2.4+bbbbbbbbbbbbbbbbbbbbbbbbbbbbbbbbbbbbbbbbbbbbbbbbbbbbbbbbbbbbbbbbbbbbbbbbbbbbbbbbbbbbbbbbbbbbbbbbbbbbbbbbbbbbbbbbbbbbbbbbbbbbbbbbbbbbbbbbbbbbbbbbbbbbbbbbbbbbbbbbbbbbbbbbbbbbbbbbbbbbbbbbbbbbbbbbbbbbbbbbbbbbbbbbbbbbbbbbbbbbbbbbbbbbbbbbbbbbbbbbbbbb - 2	1.2.3	false
>=1.2.3+bbbbbbbbbbbbbbbbbbbbbbbbbbbbbbbbbbbbbbbbbbbbbbbbbbbbbbbbbbbbbbbbbbbbbbbbbbbbbbbbbbbbbbbbbbbbbbbbbbbbbbbbbbbbbbbbbbbbbbbbbbbbbbbbbbbbbbbbbbbbbbbbbbbbbbbbbbbbbbbbbbbbbbbbbbbbbbbbbbbbbbbbbbbbbbbbbbbbbbbbbbbbbbbbbbbbbbbbbbbbbbbbbbbbbbbbbbbbbbbbbbbb	1.2.3-aaaaaaaaaaaaaaaaaaaaaaaaaaaaaaaaaaaaaaaaaaaaaaaaaaaaaaaaaaaaaaaaaaaaaaaaaaaaaaaaaaaaaaaaaaaaaaaaaaaa.aaaaaaaaaaaaaaaaaaaaaaaaaaaaaaaaaaaaaaaaaaaaaaaaaaaaaaaaaaaaaaaaaaaaaaaaaaaaaaaaaaaaaaaaaaaaaaaaaaaa.aaaaaaaaaaaaaaaaaaaaaaaaaaaaaaaaaaaaaaaaaaaaaaaa	false
>=1.2.3+bbbbbbbbbbbbbbbbbbbbbbbbbbbbbbbbbbbbbbbbbbbbbbbbbbbbbbbbbbbbbbbbbbbbbbbbbbbbbbbbbbbbbbbbbbbbbbbbbbbbbbbbbbbbbbbbbbbbbbbbbbbbbbbbbbbbbbbbbbbbbbbbbbbbbbbbbbbbbbbbbbbbbbbbbbbbbbbbbbbbbbbbbbbbbbbbbbbbbbbbbbbbbbbbbbbbbbbbbbbbbbbbbbbbbbbbbbbbbbbbbbbb	1.2.3	true
>=1.2.3	1.2.3+bbbbbbbbbbbbbbbbbbbbbbbbbbbbbbbbbbbbbbbbbbbbbbbbbbbbbbbbbbbbbbbbbbbbbbbbbbbbbbbbbbbbbbbbbbbbbbbbbbbbbbbbbbbbbbbbbbbbbbbbbbbbbbbbbbbbbbbbbbbbbbbbbbbbbbbbbbbbbbbbbbbbbbbbbbbbbbbbbbbbbbbbbbbbbbbbbbbbbbbbbbbbbbbbbbbbbbbbbbbbbbbbbbbbbbbbbbbbbbbbbbbb	true
>=1.2.3	 1.2.3+bbbbbbbbbbbbbbbbbbbbbbbbbbbbbbbbbbbbbbbbbbbbbbbbbbbbbbbbbbbbbbbbbbbbbbbbbbbbbbbbbbbbbbbbbbbbbbbbbbbbbbbbbbbbbbbbbbbbbbbbbbbbbbbbbbbbbbbbbbbbbbbbbbbbbbbbbbbbbbbbbbbbbbbbbbbbbbbbbbbbbbbbbbbbbbbbbbbbbbbbbbbbbbbbbbbbbbbbbbbbbbbbbbbbbbbbbbbbbbbbbbb	true
1.2.3-aaaaaaaaaaaaaaaaaaaaaaaaaaaaaaaaaaaaaaaaaaaaaaaaaaaaaaaaaaaaaaaaaaaaaaaaaaaaaaaaaaaaaaaaaaaaaaaaaaaa.aaaaaaaaaaaaaaaaaaaaaaaaaaaaaaaaaaaaaaaaaaaaaaaaaaaaaaaaaaaaaaaaaaaaaaaaaaaaaaaaaaaaaaaaaaaaaaaaaaaa.aaaaaaaaaaaaaaaaaaaaaaaaaaaaaaaaaaaaaaaaaaaaaaaaa	-	invalid
1.2.3-aaaaaaaaaaaaaaaaaaaaaaaaaaaaaaaaaaaaaaaaaaaaaaaaaaaaaaaaaaaaaaaaaaaaaaaaaaaaaaaaaaaaaaaaaaaaaaaaaaaa.aaaaaaaaaaaaaaaaaaaaaaaaaaaaaaaaaaaaaaaaaaaaaaaaaaaaaaaaaaaaaaaaaaaaaaaaaaaaaaaaaaaaaaaaaaaaaaaaaaaa.aaaaaaaaaaaaaaaaaaaaaaaaaaaaaaaaaaaaaaaaaaaaaaaaa	-	invalid
>=1.2.3-aaaaaaaaaaaaaaaaaaaaaaaaaaaaaaaaaaaaaaaaaaaaaaaaaaaaaaaaaaaaaaaaaaaaaaaaaaaaaaaaaaaaaaaaaaaaaaaaaaaa.aaaaaaaaaaaaaaaaaaaaaaaaaaaaaaaaaaaaaaaaaaaaaaaaaaaaaaaaaaaaaaaaaaaaaaaaaaaaaaaaaaaaaaaaaaaaaaaaaaaa.aaaaaaaaaaaaaaaaaaaaaaaaaaaaaaaaaaaaaaaaaaaaaaaaa	-	invalid
>=1.2.3-aaaaaaaaaaaaaaaaaaaaaaaaaaaaaaaaaaaaaaaaaaaaaaaaaaaaaaaaaaaaaaaaaaaaaaaaaaaaaaaaaaaaaaaaaaaaaaaaaaaa.aaaaaaaaaaaaaaaaaaaaaaaaaaaaaaaaaaaaaaaaaaaaaaaaaaaaaaaaaaaaaaaaaaaaaaaaaaaaaaaaaaaaaaaaaaaaaaaaaaaa.aaaaaaaaaaaaaaaaaaaaaaaaaaaaaaaaaaaaaaaaaaaaaaaaa	-	invalid
v1.2.3-aaaaaaaaaaaaaaaaaaaaaaaaaaaaaaaaaaaaaaaaaaaaaaaaaaaaaaaaaaaaaaaaaaaaaaaaaaaaaaaaaaaaaaaaaaaaaaaaaaaa.aaaaaaaaaaaaaaaaaaaaaaaaaaaaaaaaaaaaaaaaaaaaaaaaaaaaaaaaaaaaaaaaaaaaaaaaaaaaaaaaaaaaaaaaaaaaaaaaaaaa.aaaaaaaaaaaaaaaaaaaaaaaaaaaaaaaaaaaaaaaaaaaaaaaaa	-	invalid
v1.2.3-aaaaaaaaaaaaaaaaaaaaaaaaaaaaaaaaaaaaaaaaaaaaaaaaaaaaaaaaaaaaaaaaaaaaaaaaaaaaaaaaaaaaaaaaaaaaaaaaaaaa.aaaaaaaaaaaaaaaaaaaaaaaaaaaaaaaaaaaaaaaaaaaaaaaaaaaaaaaaaaaaaaaaaaaaaaaaaaaaaaaaaaaaaaaaaaaaaaaaaaaa.aaaaaaaaaaaaaaaaaaaaaaaaaaaaaaaaaaaaaaaaaaaaaaaaa	-	invalid
^1.2.3-aaaaaaaaaaaaaaaaaaaaaaaaaaaaaaaaaaaaaaaaaaaaaaaaaaaaaaaaaaaaaaaaaaaaaaaaaaaaaaaaaaaaaaaaaaaaaaaaaaaa.aaaaaaaaaaaaaaaaaaaaaaaaaaaaaaaaaaaaaaaaaaaaaaaaaaaaaaaaaaaaaaaaaaaaaaaaaaaaaaaaaaaaaaaaaaaaaaaaaaaa.aaaaaaaaaaaaaaaaaaaaaaaaaaaaaaaaaaaaaaaaaaaaaaaaa	-	invalid
^1.2.3-aaaaaaaaaaaaaaaaaaaaaaaaaaaaaaaaaaaaaaaaaaaaaaaaaaaaaaaaaaaaaaaaaaaaaaaaaaaaaaaaaaaaaaaaaaaaaaaaaaaa.aaaaaaaaaaaaaaaaaaaaaaaaaaaaaaaaaaaaaaaaaaaaaaaaaaaaaaaaaaaaaaaaaaaaaaaaaaaaaaaaaaaaaaaaaaaaaaaaaaaa.aaaaaaaaaaaaaaaaaaaaaaaaaaaaaaaaaaaaaaaaaaaaaaaaa	-	invalid
^v1.2.3-aaaaaaaaaaaaaaaaaaaaaaaaaaaaaaaaaaaaaaaaaaaaaaaaaaaaaaaaaaaaaaaaaaaaaaaaaaaaaaaaaaaaaaaaaaaaaaaaaaaa.aaaaaaaaaaaaaaaaaaaaaaaaaaaaaaaaaaaaaaaaaaaaaaaaaaaaaaaaaaaaaaaaaaaaaaaaaaaaaaaaaaaaaaaaaaaaaaaaaaaa.aaaaaaaaaaaaaaaaaaaaaaaaaaaaaaaaaaaaaaaaaaaaaaaaa	-	invalid
^v1.2.3-aaaaaaaaaaaaaaaaaaaaaaaaaaaaaaaaaaaaaaaaaaaaaaaaaaaaaaaaaaaaaaaaaaaaaaaaaaaaaaaaaaaaaaaaaaaaaaaaaaaa.aaaaaaaaaaaaaaaaaaaaaaaaaaaaaaaaaaaaaaaaaaaaaaaaaaaaaaaaaaaaaaaaaaaaaaaaaaaaaaaaaaaaaaaaaaaaaaaaaaaa.aaaaaaaaaaaaaaaaaaaaaaaaaaaaaaaaaaaaaaaaaaaaaaaaa	-	invalid
~1.2.3-aaaaaaaaaaaaaaaaaaaaaaaaaaaaaaaaaaaaaaaaaaaaaaaaaaaaaaaaaaaaaaaaaaaaaaaaaaaaaaaaaaaaaaaaaaaaaaaaaaaa.aaaaaaaaaaaaaaaaaaaaaaaaaaaaaaaaaaaaaaaaaaaaaaaaaaaaaaaaaaaaaaaaaaaaaaaaaaaaaaaaaaaaaaaaaaaaaaaaaaaa.aaaaaaaaaaaaaaaaaaaaaaaaaaaaaaaaaaaaaaaaaaaaaaaaa+b	-	invalid
~1.2.3-aaaaaaaaaaaaaaaaaaaaaaaaaaaaaaaaaaaaaaaaaaaaaaaaaaaaaaaaaaaaaaaaaaaaaaaaaaaaaaaaaaaaaaaaaaaaaaaaaaaa.aaaaaaaaaaaaaaaaaaaaaaaaaaaaaaaaaaaaaaaaaaaaaaaaaaaaaaaaaaaaaaaaaaaaaaaaaaaaaaaaaaaaaaaaaaaaaaaaaaaa.aaaaaaaaaaaaaaaaaaaaaaaaaaaaaaaaaaaaaaaaaaaaaaaaa+b	-	invalid
1.2.3-aaaaaaaaaaaaaaaaaaaaaaaaaaaaaaaaaaaaaaaaaaaaaaaaaaaaaaaaaaaaaaaaaaaaaaaaaaaaaaaaaaaaaaaaaaaaaaaaaaaa.aaaaaaaaaaaaaaaaaaaaaaaaaaaaaaaaaaaaaaaaaaaaaaaaaaaaaaaaaaaaaaaaaaaaaaaaaaaaaaaaaaaaaaaaaaaaaaaaaaaa.aaaaaaaaaaaaaaaaaaaaaaaaaaaaaaaaaaaaaaaaaaaaaaaaa - 2	-	invalid
1.2.3-aaaaaaaaaaaaaaaaaaaaaaaaaaaaaaaaaaaaaaaaaaaaaaaaaaaaaaaaaaaaaaaaaaaaaaaaaaaaaaaaaaaaaaaaaaaaaaaaaaaa.aaaaaaaaaaaaaaaaaaaaaaaaaaaaaaaaaaaaaaaaaaaaaaaaaaaaaaaaaaaaaaaaaaaaaaaaaaaaaaaaaaaaaaaaaaaaaaaaaaaa.aaaaaaaaaaaaaaaaaaaaaaaaaaaaaaaaaaaaaaaaaaaaaaaaa - 2	-	invalid
v1.2.3-aaaaaaaaaaaaaaaaaaaaaaaaaaaaaaaaaaaaaaaaaaaaaaaaaaaaaaaaaaaaaaaaaaaaaaaaaaaaaaaaaaaaaaaaaaaaaaaaaaaa.aaaaaaaaaaaaaaaaaaaaaaaaaaaaaaaaaaaaaaaaaaaaaaaaaaaaaaaaaaaaaaaaaaaaaaaaaaaaaaaaaaaaaaaaaaaaaaaaaaaa.aaaaaaaaaaaaaaaaaaaaaaaaaaaaaaaaaaaaaaaaaaaaaaaaa - 2	-	invalid
v1.2.3-aaaaaaaaaaaaaaaaaaaaaaaaaaaaaaaaaaaaaaaaaaaaaaaaaaaaaaaaaaaaaaaaaaaaaaaaaaaaaaaaaaaaaaaaaaaaaaaaaaaa.aaaaaaaaaaaaaaaaaaaaaaaaaaaaaaaaaaaaaaaaaaaaaaaaaaaaaaaaaaaaaaaaaaaaaaaaaaaaaaaaaaaaaaaaaaaaaaaaaaaa.aaaaaaaaaaaaaaaaaaaaaaaaaaaaaaaaaaaaaaaaaaaaaaaaa - 2	-	invalid
1 - 1.2.3-aaaaaaaaaaaaaaaaaaaaaaaaaaaaaaaaaaaaaaaaaaaaaaaaaaaaaaaaaaaaaaaaaaaaaaaaaaaaaaaaaaaaaaaaaaaaaaaaaaaa.aaaaaaaaaaaaaaaaaaaaaaaaaaaaaaaaaaaaaaaaaaaaaaaaaaaaaaaaaaaaaaaaaaaaaaaaaaaaaaaaaaaaaaaaaaaaaaaaaaaa.aaaaaaaaaaaaaaaaaaaaaaaaaaaaaaaaaaaaaaaaaaaaaaaaa	-	invalid
1 - 1.2.3-aaaaaaaaaaaaaaaaaaaaaaaaaaaaaaaaaaaaaaaaaaaaaaaaaaaaaaaaaaaaaaaaaaaaaaaaaaaaaaaaaaaaaaaaaaaaaaaaaaaa.aaaaaaaaaaaaaaaaaaaaaaaaaaaaaaaaaaaaaaaaaaaaaaaaaaaaaaaaaaaaaaaaaaaaaaaaaaaaaaaaaaaaaaaaaaaaaaaaaaaa.aaaaaaaaaaaaaaaaaaaaaaaaaaaaaaaaaaaaaaaaaaaaaaaaa	-	invalid
1 - 1.2.3-aaaaaaaaaaaaaaaaaaaaaaaaaaaaaaaaaaaaaaaaaaaaaaaaaaaaaaaaaaaaaaaaaaaaaaaaaaaaaaaaaaaaaaaaaaaaaaaaaaaa.aaaaaaaaaaaaaaaaaaaaaaaaaaaaaaaaaaaaaaaaaaaaaaaaaaaaaaaaaaaaaaaaaaaaaaaaaaaaaaaaaaaaaaaaaaaaaaaaaaaa.aaaaaaaaaaaaaaaaaaaaaaaaaaaaaaaaaaaaaaaaaaaaaaaaa+bb	-	invalid
1 - 1.2.3-aaaaaaaaaaaaaaaaaaaaaaaaaaaaaaaaaaaaaaaaaaaaaaaaaaaaaaaaaaaaaaaaaaaaaaaaaaaaaaaaaaaaaaaaaaaaaaaaaaaa.aaaaaaaaaaaaaaaaaaaaaaaaaaaaaaaaaaaaaaaaaaaaaaaaaaaaaaaaaaaaaaaaaaaaaaaaaaaaaaaaaaaaaaaaaaaaaaaaaaaa.aaaaaaaaaaaaaaaaaaaaaaaaaaaaaaaaaaaaaaaaaaaaaaaaa+bb	-	invalid
1 - 1.2.4-a+bbbbbbbbbbbbbbbbbbbbbbbbbbbbbbbbbbbbbbbbbbbbbbbbbbbbbbbbbbbbbbbbbbbbbbbbbbbbbbbbbbbbbbbbbbbbbbbbbbbbbbbbbbbbbbbbbbbbbbbbbbbbbbbbbbbbbbbbbbbbbbbbbbbbbbbbbbbbbbbbbbbbbbbbbbbbbbbbbbbbbbbbbbbbbbbbbbbbbbbbbbbbbbbbbbbbbbbbbbbbbbbbbbbbbbbbbbbbbbbbbbb	1.2.3-aaaaaaaaaaaaaaaaaaaaaaaaaaaaaaaaaaaaaaaaaaaaaaaaaaaaaaaaaaaaaaaaaaaaaaaaaaaaaaaaaaaaaaaaaaaaaaaaaaaa.aaaaaaaaaaaaaaaaaaaaaaaaaaaaaaaaaaaaaaaaaaaaaaaaaaaaaaaaaaaaaaaaaaaaaaaaaaaaaaaaaaaaaaaaaaaaaaaaaaaa.aaaaaaaaaaaaaaaaaaaaaaaaaaaaaaaaaaaaaaaaaaaaaaaaa	false
1 - 1.2.4-a+bbbbbbbbbbbbbbbbbbbbbbbbbbbbbbbbbbbbbbbbbbbbbbbbbbbbbbbbbbbbbbbbbbbbbbbbbbbbbbbbbbbbbbbbbbbbbbbbbbbbbbbbbbbbbbbbbbbbbbbbbbbbbbbbbbbbbbbbbbbbbbbbbbbbbbbbbbbbbbbbbbbbbbbbbbbbbbbbbbbbbbbbbbbbbbbbbbbbbbbbbbbbbbbbbbbbbbbbbbbbbbbbbbbbbbbbbbbbbbbbbbb	1.2.3	true
1 - v1.2.4+bbbbbbbbbbbbbbbbbbbbbbbbbbbbbbbbbbbbbbbbbbbbbbbbbbbbbbbbbbbbbbbbbbbbbbbbbbbbbbbbbbbbbbbbbbbbbbbbbbbbbbbbbbbbbbbbbbbbbbbbbbbbbbbbbbbbbbbbbbbbbbbbbbbbbbbbbbbbbbbbbbbbbbbbbbbbbbbbbbbbbbbbbbbbbbbbbbbbbbbbbbbbbbbbbbbbbbbbbbbbbbbbbbbbbbbbbbbbbbbbbbbbb	1.2.3-aaaaaaaaaaaaaaaaaaaaaaaaaaaaaaaaaaaaaaaaaaaaaaaaaaaaaaaaaaaaaaaaaaaaaaaaaaaaaaaaaaaaaaaaaaaaaaaaaaaa.aaaaaaaaaaaaaaaaaaaaaaaaaaaaaaaaaaaaaaaaaaaaaaaaaaaaaaaaaaaaaaaaaaaaaaaaaaaaaaaaaaaaaaaaaaaaaaaaaaaa.aaaaaaaaaaaaaaaaaaaaaaaaaaaaaaaaaaaaaaaaaaaaaaaaa	false
1 - v1.2.4+bbbbbbbbbbbbbbbbbbbbbbbbbbbbbbbbbbbbbbbbbbbbbbbbbbbbbbbbbbbbbbbbbbbbbbbbbbbbbbbbbbbbbbbbbbbbbbbbbbbbbbbbbbbbbbbbbbbbbbbbbbbbbbbbbbbbbbbbbbbbbbbbbbbbbbbbbbbbbbbbbbbbbbbbbbbbbbbbbbbbbbbbbbbbbbbbbbbbbbbbbbbbbbbbbbbbbbbbbbbbbbbbbbbbbbbbbbbbbbbbbbbbb	1.2.3	true
1.2.4+bbbbbbbbbbbbbbbbbbbbbbbbbbbbbbbbbbbbbbbbbbbbbbbbbbbbbbbbbbbbbbbbbbbbbbbbbbbbbbbbbbbbbbbbbbbbbbbbbbbbbbbbbbbbbbbbbbbbbbbbbbbbbbbbbbbbbbbbbbbbbbbbbbbbbbbbbbbbbbbbbbbbbbbbbbbbbbbbbbbbbbbbbbbbbbbbbbbbbbbbbbbbbbbbbbbbbbbbbbbbbbbbbbbbbbbbbbbbbbbbbbbbb - 2	1.2.3-aaaaaaaaaaaaaaaaaaaaaaaaaaaaaaaaaaaaaaaaaaaaaaaaaaaaaaaaaaaaaaaaaaaaaaaaaaaaaaaaaaaaaaaaaaaaaaaaaaaa.aaaaaaaaaaaaaaaaaaaaaaaaaaaaaaaaaaaaaaaaaaaaaaaaaaaaaaaaaaaaaaaaaaaaaaaaaaaaaaaaaaaaaaaaaaaaaaaaaaaa.aaaaaaaaaaaaaaaaaaaaaaaaaaaaaaaaaaaaaaaaaaaaaaaaa	false
1.2.4+bbbbbbbbbbbbbbbbbbbbbbbbbbbbbbbbbbbbbbbbbbbbbbbbbbbbbbbbbbbbbbbbbbbbbbbbbbbbbbbbbbbbbbbbbbbbbbbbbbbbbbbbbbbbbbbbbbbbbbbbbbbbbbbbbbbbbbbbbbbbbbbbbbbbbbbbbbbbbbbbbbbbbbbbbbbbbbbbbbbbbbbbbbbbbbbbbbbbbbbbbbbbbbbbbbbbbbbbbbbbbbbbbbbbbbbbbbbbbbbbbbbbb - 2	1.2.3	false
>=1.2.3+bbbbbbbbbbbbbbbbbbbbbbbbbbbbbbbbbbbbbbbbbbbbbbbbbbbbbbbbbbbbbbbbbbbbbbbbbbbbbbbbbbbbbbbbbbbbbbbbbbbbbbbbbbbbbbbbbbbbbbbbbbbbbbbbbbbbbbbbbbbbbbbbbbbbbbbbbbbbbbbbbbbbbbbbbbbbbbbbbbbbbbbbbbbbbbbbbbbbbbbbbbbbbbbbbbbbbbbbbbbbbbbbbbbbbbbbbbbbbbbbbbbbb	1.2.3-aaaaaaaaaaaaaaaaaaaaaaaaaaaaaaaaaaaaaaaaaaaaaaaaaaaaaaaaaaaaaaaaaaaaaaaaaaaaaaaaaaaaaaaaaaaaaaaaaaaa.aaaaaaaaaaaaaaaaaaaaaaaaaaaaaaaaaaaaaaaaaaaaaaaaaaaaaaaaaaaaaaaaaaaaaaaaaaaaaaaaaaaaaaaaaaaaaaaaaaaa.aaaaaaaaaaaaaaaaaaaaaaaaaaaaaaaaaaaaaaaaaaaaaaaaa	false
>=1.2.3+bbbbbbbbbbbbbbbbbbbbbbbbbbbbbbbbbbbbbbbbbbbbbbbbbbbbbbbbbbbbbbbbbbbbbbbbbbbbbbbbbbbbbbbbbbbbbbbbbbbbbbbbbbbbbbbbbbbbbbbbbbbbbbbbbbbbbbbbbbbbbbbbbbbbbbbbbbbbbbbbbbbbbbbbbbbbbbbbbbbbbbbbbbbbbbbbbbbbbbbbbbbbbbbbbbbbbbbbbbbbbbbbbbbbbbbbbbbbbbbbbbbbb	1.2.3	true
>=1.2.3	1.2.3+bbbbbbbbbbbbbbbbbbbbbbbbbbbbbbbbbbbbbbbbbbbbbbbbbbbbbbbbbbbbbbbbbbbbbbbbbbbbbbbbbbbbbbbbbbbbbbbbbbbbbbbbbbbbbbbbbbbbbbbbbbbbbbbbbbbbbbbbbbbbbbbbbbbbbbbbbbbbbbbbbbbbbbbbbbbbbbbbbbbbbbbbbbbbbbbbbbbbbbbbbbbbbbbbbbbbbbbbbbbbbbbbbbbbbbbbbbbbbbbbbbbbb	true
>=1.2.3	 1.2.3+bbbbbbbbbbbbbbbbbbbbbbbbbbbbbbbbbbbbbbbbbbbbbbbbbbbbbbbbbbbbbbbbbbbbbbbbbbbbbbbbbbbbbbbbbbbbbbbbbbbbbbbbbbbbbbbbbbbbbbbbbbbbbbbbbbbbbbbbbbbbbbbbbbbbbbbbbbbbbbbbbbbbbbbbbbbbbbbbbbbbbbbbbbbbbbbbbbbbbbbbbbbbbbbbbbbbbbbbbbbbbbbbbbbbbbbbbbbbbbbbbbbb	true
=1.2.3-9007199254740990	1.2.3-9007199254740990	true
<1.2.3-9007199254740990	1.2.3-9007199254740990	false
<=1.2.3-9007199254740990	1.2.3-9007199254740990	true
>1.2.3-9007199254740990	1.2.3-9007199254740990	false
>=1.2.3-9007199254740990	1.2.3-9007199254740990	true
=1.2.3-9007199254740990	1.2.3-9007199254740991	false
<1.2.3-9007199254740990	1.2.3-9007199254740991	false
<=1.2.3-9007199254740990	1.2.3-9007199254740991	false
>1.2.3-9007199254740990	1.2.3-9007199254740991	true
>=1.2.3-9007199254740990	1.2.3-9007199254740991	true
=1.2.3-9007199254740990	1.2.3-9007199254740992	false
<1.2.3-9007199254740990	1.2.3-9007199254740992	false
<=1.2.3-9007199254740990	1.2.3-9007199254740992	false
>1.2.3-9007199254740990	1.2.3-9007199254740992	true
>=1.2.3-9007199254740990	1.2.3-9007199254740992	true
=1.2.3-9007199254740990	1.2.3-9007199254740993	false
<1.2.3-9007199254740990	1.2.3-9007199254740993	false
<=1.2.3-9007199254740990	1.2.3-9007199254740993	false
>1.2.3-9007199254740990	1.2.3-9007199254740993	true
>=1.2.3-9007199254740990	1.2.3-9007199254740993	true
=1.2.3-9007199254740990	1.2.3-18446744073709551616	false
<1.2.3-9007199254740990	1.2.3-18446744073709551616	false
<=1.2.3-9007199254740990	1.2.3-18446744073709551616	false
>1.2.3-9007199254740990	1.2.3-18446744073709551616	true
>=1.2.3-9007199254740990	1.2.3-18446744073709551616	true
=1.2.3-9007199254740990	1.2.3-18446744073709551617	false
<1.2.3-9007199254740990	1.2.3-18446744073709551617	false
<=1.2.3-9007199254740990	1.2.3-18446744073709551617	false
>1.2.3-9007199254740990	1.2.3-18446744073709551617	true
>=1.2.3-9007199254740990	1.2.3-18446744073709551617	true
=1.2.3-9007199254740990	1.2.3-10000000000000000000000000000000000000000000000000000000000000000000000000000000000000000000000000000000000000000000000000000000000000000000000000000000000000000000000000000000000000000000000000000000	false
<1.2.3-9007199254740990	1.2.3-10000000000000000000000000000000000000000000000000000000000000000000000000000000000000000000000000000000000000000000000000000000000000000000000000000000000000000000000000000000000000000000000000000000	false
<=1.2.3-9007199254740990	1.2.3-10000000000000000000000000000000000000000000000000000000000000000000000000000000000000000000000000000000000000000000000000000000000000000000000000000000000000000000000000000000000000000000000000000000	false
>1.2.3-9007199254740990	1.2.3-10000000000000000000000000000000000000000000000000000000000000000000000000000000000000000000000000000000000000000000000000000000000000000000000000000000000000000000000000000000000000000000000000000000	true
>=1.2.3-9007199254740990	1.2.3-10000000000000000000000000000000000000000000000000000000000000000000000000000000000000000000000000000000000000000000000000000000000000000000000000000000000000000000000000000000000000000000000000000000	true
=1.2.3-9007199254740990	1.2.3-10000000000000000000000000000000000000000000000000000000000000000000000000000000000000000000000000000000000000000000000000000000000000000000000000000000000000000000000000000000000000000000000000000001	false
<1.2.3-9007199254740990	1.2.3-10000000000000000000000000000000000000000000000000000000000000000000000000000000000000000000000000000000000000000000000000000000000000000000000000000000000000000000000000000000000000000000000000000001	false
<=1.2.3-9007199254740990	1.2.3-10000000000000000000000000000000000000000000000000000000000000000000000000000000000000000000000000000000000000000000000000000000000000000000000000000000000000000000000000000000000000000000000000000001	false
>1.2.3-9007199254740990	1.2.3-10000000000000000000000000000000000000000000000000000000000000000000000000000000000000000000000000000000000000000000000000000000000000000000000000000000000000000000000000000000000000000000000000000001	true
>=1.2.3-9007199254740990	1.2.3-10000000000000000000000000000000000000000000000000000000000000000000000000000000000000000000000000000000000000000000000000000000000000000000000000000000000000000000000000000000000000000000000000000001	true
=1.2.3-9007199254740991	1.2.3-9007199254740990	false
<1.2.3-9007199254740991	1.2.3-9007199254740990	true
<=1.2.3-9007199254740991	1.2.3-9007199254740990	true
>1.2.3-9007199254740991	1.2.3-9007199254740990	false
>=1.2.3-9007199254740991	1.2.3-9007199254740990	false
=1.2.3-9007199254740991	1.2.3-9007199254740991	true
<1.2.3-9007199254740991	1.2.3-9007199254740991	false
<=1.2.3-9007199254740991	1.2.3-9007199254740991	true
>1.2.3-9007199254740991	1.2.3-9007199254740991	false
>=1.2.3-9007199254740991	1.2.3-9007199254740991	true
=1.2.3-9007199254740991	1.2.3-9007199254740992	false
<1.2.3-9007199254740991	1.2.3-9007199254740992	false
<=1.2.3-9007199254740991	1.2.3-9007199254740992	false
>1.2.3-9007199254740991	1.2.3-9007199254740992	true
>=1.2.3-9007199254740991	1.2.3-9007199254740992	true
=1.2.3-9007199254740991	1.2.3-9007199254740993	false
<1.2.3-9007199254740991	1.2.3-9007199254740993	false
<=1.2.3-9007199254740991	1.2.3-9007199254740993	false
>1.2.3-9007199254740991	1.2.3-9007199254740993	true
>=1.2.3-9007199254740991	1.2.3-9007199254740993	true
=1.2.3-9007199254740991	1.2.3-18446744073709551616	false
<1.2.3-9007199254740991	1.2.3-18446744073709551616	false
<=1.2.3-9007199254740991	1.2.3-18446744073709551616	false
>1.2.3-9007199254740991	1.2.3-18446744073709551616	true
>=1.2.3-9007199254740991	1.2.3-18446744073709551616	true
=1.2.3-9007199254740991	1.2.3-18446744073709551617	false
<1.2.3-9007199254740991	1.2.3-18446744073709551617	false
<=1.2.3-9007199254740991	1.2.3-18446744073709551617	false
>1.2.3-9007199254740991	1.2.3-18446744073709551617	true
>=1.2.3-9007199254740991	1.2.3-18446744073709551617	true
=1.2.3-9007199254740991	1.2.3-10000000000000000000000000000000000000000000000000000000000000000000000000000000000000000000000000000000000000000000000000000000000000000000000000000000000000000000000000000000000000000000000000000000	false
<1.2.3-9007199254740991	1.2.3-10000000000000000000000000000000000000000000000000000000000000000000000000000000000000000000000000000000000000000000000000000000000000000000000000000000000000000000000000000000000000000000000000000000	false
<=1.2.3-9007199254740991	1.2.3-10000000000000000000000000000000000000000000000000000000000000000000000000000000000000000000000000000000000000000000000000000000000000000000000000000000000000000000000000000000000000000000000000000000	false
>1.2.3-9007199254740991	1.2.3-10000000000000000000000000000000000000000000000000000000000000000000000000000000000000000000000000000000000000000000000000000000000000000000000000000000000000000000000000000000000000000000000000000000	true
>=1.2.3-9007199254740991	1.2.3-10000000000000000000000000000000000000000000000000000000000000000000000000000000000000000000000000000000000000000000000000000000000000000000000000000000000000000000000000000000000000000000000000000000	true
=1.2.3-9007199254740991	1.2.3-10000000000000000000000000000000000000000000000000000000000000000000000000000000000000000000000000000000000000000000000000000000000000000000000000000000000000000000000000000000000000000000000000000001	false
<1.2.3-9007199254740991	1.2.3-10000000000000000000000000000000000000000000000000000000000000000000000000000000000000000000000000000000000000000000000000000000000000000000000000000000000000000000000000000000000000000000000000000001	false
<=1.2.3-9007199254740991	1.2.3-10000000000000000000000000000000000000000000000000000000000000000000000000000000000000000000000000000000000000000000000000000000000000000000000000000000000000000000000000000000000000000000000000000001	false
>1.2.3-9007199254740991	1.2.3-10000000000000000000000000000000000000000000000000000000000000000000000000000000000000000000000000000000000000000000000000000000000000000000000000000000000000000000000000000000000000000000000000000001	true
>=1.2.3-9007199254740991	1.2.3-10000000000000000000000000000000000000000000000000000000000000000000000000000000000000000000000000000000000000000000000000000000000000000000000000000000000000000000000000000000000000000000000000000001	true
=1.2.3-9007199254740992	1.2.3-9007199254740990	false
<1.2.3-9007199254740992	1.2.3-9007199254740990	true
<=1.2.3-9007199254740992	1.2.3-9007199254740990	true
>1.2.3-9007199254740992	1.2.3-9007199254740990	false
>=1.2.3-9007199254740992	1.2.3-9007199254740990	false
=1.2.3-9007199254740992	1.2.3-9007199254740991	false
<1.2.3-9007199254740992	1.2.3-9007199254740991	true
<=1.2.3-9007199254740992	1.2.3-9007199254740991	true
>1.2.3-9007199254740992	1.2.3-9007199254740991	false
>=1.2.3-9007199254740992	1.2.3-9007199254740991	false
=1.2.3-9007199254740992	1.2.3-9007199254740992	true
<1.2.3-9007199254740992	1.2.3-9007199254740992	false
<=1.2.3-9007199254740992	1.2.3-9007199254740992	true
>1.2.3-9007199254740992	1.2.3-9007199254740992	false
>=1.2.3-9007199254740992	1.2.3-9007199254740992	true
=1.2.3-9007199254740992	1.2.3-9007199254740993	true
<1.2.3-9007199254740992	1.2.3-9007199254740993	false
<=1.2.3-9007199254740992	1.2.3-9007199254740993	true
>1.2.3-9007199254740992	1.2.3-9007199254740993	false
>=1.2.3-9007199254740992	1.2.3-9007199254740993	true
=1.2.3-9007199254740992	1.2.3-18446744073709551616	false
<1.2.3-9007199254740992	1.2.3-18446744073709551616	false
<=1.2.3-9007199254740992	1.2.3-18446744073709551616	false
>1.2.3-9007199254740992	1.2.3-18446744073709551616	true
>=1.2.3-9007199254740992	1.2.3-18446744073709551616	true
=1.2.3-9007199254740992	1.2.3-18446744073709551617	false
<1.2.3-9007199254740992	1.2.3-18446744073709551617	false
<=1.2.3-9007199254740992	1.2.3-18446744073709551617	false
>1.2.3-9007199254740992	1.2.3-18446744073709551617	true
>=1.2.3-9007199254740992	1.2.3-18446744073709551617	true
=1.2.3-9007199254740992	1.2.3-10000000000000000000000000000000000000000000000000000000000000000000000000000000000000000000000000000000000000000000000000000000000000000000000000000000000000000000000000000000000000000000000000000000	false
<1.2.3-9007199254740992	1.2.3-10000000000000000000000000000000000000000000000000000000000000000000000000000000000000000000000000000000000000000000000000000000000000000000000000000000000000000000000000000000000000000000000000000000	false
<=1.2.3-9007199254740992	1.2.3-10000000000000000000000000000000000000000000000000000000000000000000000000000000000000000000000000000000000000000000000000000000000000000000000000000000000000000000000000000000000000000000000000000000	false
>1.2.3-9007199254740992	1.2.3-10000000000000000000000000000000000000000000000000000000000000000000000000000000000000000000000000000000000000000000000000000000000000000000000000000000000000000000000000000000000000000000000000000000	true
>=1.2.3-9007199254740992	1.2.3-10000000000000000000000000000000000000000000000000000000000000000000000000000000000000000000000000000000000000000000000000000000000000000000000000000000000000000000000000000000000000000000000000000000	true
=1.2.3-9007199254740992	1.2.3-10000000000000000000000000000000000000000000000000000000000000000000000000000000000000000000000000000000000000000000000000000000000000000000000000000000000000000000000000000000000000000000000000000001	false
<1.2.3-9007199254740992	1.2.3-10000000000000000000000000000000000000000000000000000000000000000000000000000000000000000000000000000000000000000000000000000000000000000000000000000000000000000000000000000000000000000000000000000001	false
<=1.2.3-9007199254740992	1.2.3-10000000000000000000000000000000000000000000000000000000000000000000000000000000000000000000000000000000000000000000000000000000000000000000000000000000000000000000000000000000000000000000000000000001	false
>1.2.3-9007199254740992	1.2.3-10000000000000000000000000000000000000000000000000000000000000000000000000000000000000000000000000000000000000000000000000000000000000000000000000000000000000000000000000000000000000000000000000000001	true
>=1.2.3-9007199254740992	1.2.3-10000000000000000000000000000000000000000000000000000000000000000000000000000000000000000000000000000000000000000000000000000000000000000000000000000000000000000000000000000000000000000000000000000001	true
=1.2.3-9007199254740993	1.2.3-9007199254740990	false
<1.2.3-9007199254740993	1.2.3-9007199254740990	true
<=1.2.3-9007199254740993	1.2.3-9007199254740990	true
>1.2.3-9007199254740993	1.2.3-9007199254740990	false
>=1.2.3-9007199254740993	1.2.3-9007199254740990	false
=1.2.3-9007199254740993	1.2.3-9007199254740991	false
<1.2.3-9007199254740993	1.2.3-9007199254740991	true
<=1.2.3-9007199254740993	1.2.3-9007199254740991	true
>1.2.3-9007199254740993	1.2.3-9007199254740991	false
>=1.2.3-9007199254740993	1.2.3-9007199254740991	false
=1.2.3-9007199254740993	1.2.3-9007199254740992	true
<1.2.3-9007199254740993	1.2.3-9007199254740992	false
<=1.2.3-9007199254740993	1.2.3-9007199254740992	true
>1.2.3-9007199254740993	1.2.3-9007199254740992	false
>=1.2.3-9007199254740993	1.2.3-9007199254740992	true
=1.2.3-9007199254740993	1.2.3-9007199254740993	true
<1.2.3-9007199254740993	1.2.3-9007199254740993	false
<=1.2.3-9007199254740993	1.2.3-9007199254740993	true
>1.2.3-9007199254740993	1.2.3-9007199254740993	false
>=1.2.3-9007199254740993	1.2.3-9007199254740993	true
=1.2.3-9007199254740993	1.2.3-18446744073709551616	false
<1.2.3-9007199254740993	1.2.3-18446744073709551616	false
<=1.2.3-9007199254740993	1.2.3-18446744073709551616	false
>1.2.3-9007199254740993	1.2.3-18446744073709551616	true
>=1.2.3-9007199254740993	1.2.3-18446744073709551616	true
=1.2.3-9007199254740993	1.2.3-18446744073709551617	false
<1.2.3-9007199254740993	1.2.3-18446744073709551617	false
<=1.2.3-9007199254740993	1.2.3-18446744073709551617	false
>1.2.3-9007199254740993	1.2.3-18446744073709551617	true
>=1.2.3-9007199254740993	1.2.3-18446744073709551617	true
=1.2.3-9007199254740993	1.2.3-10000000000000000000000000000000000000000000000000000000000000000000000000000000000000000000000000000000000000000000000000000000000000000000000000000000000000000000000000000000000000000000000000000000	false
<1.2.3-9007199254740993	1.2.3-10000000000000000000000000000000000000000000000000000000000000000000000000000000000000000000000000000000000000000000000000000000000000000000000000000000000000000000000000000000000000000000000000000000	false
<=1.2.3-9007199254740993	1.2.3-10000000000000000000000000000000000000000000000000000000000000000000000000000000000000000000000000000000000000000000000000000000000000000000000000000000000000000000000000000000000000000000000000000000	false
>1.2.3-9007199254740993	1.2.3-10000000000000000000000000000000000000000000000000000000000000000000000000000000000000000000000000000000000000000000000000000000000000000000000000000000000000000000000000000000000000000000000000000000	true
>=1.2.3-9007199254740993	1.2.3-10000000000000000000000000000000000000000000000000000000000000000000000000000000000000000000000000000000000000000000000000000000000000000000000000000000000000000000000000000000000000000000000000000000	true
=1.2.3-9007199254740993	1.2.3-10000000000000000000000000000000000000000000000000000000000000000000000000000000000000000000000000000000000000000000000000000000000000000000000000000000000000000000000000000000000000000000000000000001	false
<1.2.3-9007199254740993	1.2.3-10000000000000000000000000000000000000000000000000000000000000000000000000000000000000000000000000000000000000000000000000000000000000000000000000000000000000000000000000000000000000000000000000000001	false
<=1.2.3-9007199254740993	1.2.3-10000000000000000000000000000000000000000000000000000000000000000000000000000000000000000000000000000000000000000000000000000000000000000000000000000000000000000000000000000000000000000000000000000001	false
>1.2.3-9007199254740993	1.2.3-10000000000000000000000000000000000000000000000000000000000000000000000000000000000000000000000000000000000000000000000000000000000000000000000000000000000000000000000000000000000000000000000000000001	true
>=1.2.3-9007199254740993	1.2.3-10000000000000000000000000000000000000000000000000000000000000000000000000000000000000000000000000000000000000000000000000000000000000000000000000000000000000000000000000000000000000000000000000000001	true
=1.2.3-18446744073709551616	1.2.3-9007199254740990	false
<1.2.3-18446744073709551616	1.2.3-9007199254740990	true
<=1.2.3-18446744073709551616	1.2.3-9007199254740990	true
>1.2.3-18446744073709551616	1.2.3-9007199254740990	false
>=1.2.3-18446744073709551616	1.2.3-9007199254740990	false
=1.2.3-18446744073709551616	1.2.3-9007199254740991	false
<1.2.3-18446744073709551616	1.2.3-9007199254740991	true
<=1.2.3-18446744073709551616	1.2.3-9007199254740991	true
>1.2.3-18446744073709551616	1.2.3-9007199254740991	false
>=1.2.3-18446744073709551616	1.2.3-9007199254740991	false
=1.2.3-18446744073709551616	1.2.3-9007199254740992	false
<1.2.3-18446744073709551616	1.2.3-9007199254740992	true
<=1.2.3-18446744073709551616	1.2.3-9007199254740992	true
>1.2.3-18446744073709551616	1.2.3-9007199254740992	false
>=1.2.3-18446744073709551616	1.2.3-9007199254740992	false
=1.2.3-18446744073709551616	1.2.3-9007199254740993	false
<1.2.3-18446744073709551616	1.2.3-9007199254740993	true
<=1.2.3-18446744073709551616	1.2.3-9007199254740993	true
>1.2.3-18446744073709551616	1.2.3-9007199254740993	false
>=1.2.3-18446744073709551616	1.2.3-9007199254740993	false
=1.2.3-18446744073709551616	1.2.3-18446744073709551616	true
<1.2.3-18446744073709551616	1.2.3-18446744073709551616	false
<=1.2.3-18446744073709551616	1.2.3-18446744073709551616	true
>1.2.3-18446744073709551616	1.2.3-18446744073709551616	false
>=1.2.3-18446744073709551616	1.2.3-18446744073709551616	true
=1.2.3-18446744073709551616	1.2.3-18446744073709551617	true
<1.2.3-18446744073709551616	1.2.3-18446744073709551617	false
<=1.2.3-18446744073709551616	1.2.3-18446744073709551617	true
>1.2.3-18446744073709551616	1.2.3-18446744073709551617	false
>=1.2.3-18446744073709551616	1.2.3-18446744073709551617	true
=1.2.3-18446744073709551616	1.2.3-10000000000000000000000000000000000000000000000000000000000000000000000000000000000000000000000000000000000000000000000000000000000000000000000000000000000000000000000000000000000000000000000000000000	false
<1.2.3-18446744073709551616	1.2.3-10000000000000000000000000000000000000000000000000000000000000000000000000000000000000000000000000000000000000000000000000000000000000000000000000000000000000000000000000000000000000000000000000000000	false
<=1.2.3-18446744073709551616	1.2.3-10000000000000000000000000000000000000000000000000000000000000000000000000000000000000000000000000000000000000000000000000000000000000000000000000000000000000000000000000000000000000000000000000000000	false
>1.2.3-18446744073709551616	1.2.3-10000000000000000000000000000000000000000000000000000000000000000000000000000000000000000000000000000000000000000000000000000000000000000000000000000000000000000000000000000000000000000000000000000000	true
>=1.2.3-18446744073709551616	1.2.3-10000000000000000000000000000000000000000000000000000000000000000000000000000000000000000000000000000000000000000000000000000000000000000000000000000000000000000000000000000000000000000000000000000000	true
=1.2.3-18446744073709551616	1.2.3-10000000000000000000000000000000000000000000000000000000000000000000000000000000000000000000000000000000000000000000000000000000000000000000000000000000000000000000000000000000000000000000000000000001	false
<1.2.3-18446744073709551616	1.2.3-10000000000000000000000000000000000000000000000000000000000000000000000000000000000000000000000000000000000000000000000000000000000000000000000000000000000000000000000000000000000000000000000000000001	false
<=1.2.3-18446744073709551616	1.2.3-10000000000000000000000000000000000000000000000000000000000000000000000000000000000000000000000000000000000000000000000000000000000000000000000000000000000000000000000000000000000000000000000000000001	false
>1.2.3-18446744073709551616	1.2.3-10000000000000000000000000000000000000000000000000000000000000000000000000000000000000000000000000000000000000000000000000000000000000000000000000000000000000000000000000000000000000000000000000000001	true
>=1.2.3-18446744073709551616	1.2.3-10000000000000000000000000000000000000000000000000000000000000000000000000000000000000000000000000000000000000000000000000000000000000000000000000000000000000000000000000000000000000000000000000000001	true
=1.2.3-18446744073709551617	1.2.3-9007199254740990	false
<1.2.3-18446744073709551617	1.2.3-9007199254740990	true
<=1.2.3-18446744073709551617	1.2.3-9007199254740990	true
>1.2.3-18446744073709551617	1.2.3-9007199254740990	false
>=1.2.3-18446744073709551617	1.2.3-9007199254740990	false
=1.2.3-18446744073709551617	1.2.3-9007199254740991	false
<1.2.3-18446744073709551617	1.2.3-9007199254740991	true
<=1.2.3-18446744073709551617	1.2.3-9007199254740991	true
>1.2.3-18446744073709551617	1.2.3-9007199254740991	false
>=1.2.3-18446744073709551617	1.2.3-9007199254740991	false
=1.2.3-18446744073709551617	1.2.3-9007199254740992	false
<1.2.3-18446744073709551617	1.2.3-9007199254740992	true
<=1.2.3-18446744073709551617	1.2.3-9007199254740992	true
>1.2.3-18446744073709551617	1.2.3-9007199254740992	false
>=1.2.3-18446744073709551617	1.2.3-9007199254740992	false
=1.2.3-18446744073709551617	1.2.3-9007199254740993	false
<1.2.3-18446744073709551617	1.2.3-9007199254740993	true
<=1.2.3-18446744073709551617	1.2.3-9007199254740993	true
>1.2.3-18446744073709551617	1.2.3-9007199254740993	false
>=1.2.3-18446744073709551617	1.2.3-9007199254740993	false
=1.2.3-18446744073709551617	1.2.3-18446744073709551616	true
<1.2.3-18446744073709551617	1.2.3-18446744073709551616	false
<=1.2.3-18446744073709551617	1.2.3-18446744073709551616	true
>1.2.3-18446744073709551617	1.2.3-18446744073709551616	false
>=1.2.3-18446744073709551617	1.2.3-18446744073709551616	true
=1.2.3-18446744073709551617	1.2.3-18446744073709551617	true
<1.2.3-18446744073709551617	1.2.3-18446744073709551617	false
<=1.2.3-18446744073709551617	1.2.3-18446744073709551617	true
>1.2.3-18446744073709551617	1.2.3-18446744073709551617	false
>=1.2.3-18446744073709551617	1.2.3-18446744073709551617	true
=1.2.3-18446744073709551617	1.2.3-10000000000000000000000000000000000000000000000000000000000000000000000000000000000000000000000000000000000000000000000000000000000000000000000000000000000000000000000000000000000000000000000000000000	false
<1.2.3-18446744073709551617	1.2.3-10000000000000000000000000000000000000000000000000000000000000000000000000000000000000000000000000000000000000000000000000000000000000000000000000000000000000000000000000000000000000000000000000000000	false
<=1.2.3-18446744073709551617	1.2.3-10000000000000000000000000000000000000000000000000000000000000000000000000000000000000000000000000000000000000000000000000000000000000000000000000000000000000000000000000000000000000000000000000000000	false
>1.2.3-18446744073709551617	1.2.3-10000000000000000000000000000000000000000000000000000000000000000000000000000000000000000000000000000000000000000000000000000000000000000000000000000000000000000000000000000000000000000000000000000000	true
>=1.2.3-18446744073709551617	1.2.3-10000000000000000000000000000000000000000000000000000000000000000000000000000000000000000000000000000000000000000000000000000000000000000000000000000000000000000000000000000000000000000000000000000000	true
=1.2.3-18446744073709551617	1.2.3-10000000000000000000000000000000000000000000000000000000000000000000000000000000000000000000000000000000000000000000000000000000000000000000000000000000000000000000000000000000000000000000000000000001	false
<1.2.3-18446744073709551617	1.2.3-10000000000000000000000000000000000000000000000000000000000000000000000000000000000000000000000000000000000000000000000000000000000000000000000000000000000000000000000000000000000000000000000000000001	false
<=1.2.3-18446744073709551617	1.2.3-10000000000000000000000000000000000000000000000000000000000000000000000000000000000000000000000000000000000000000000000000000000000000000000000000000000000000000000000000000000000000000000000000000001	false
>1.2.3-18446744073709551617	1.2.3-10000000000000000000000000000000000000000000000000000000000000000000000000000000000000000000000000000000000000000000000000000000000000000000000000000000000000000000000000000000000000000000000000000001	true
>=1.2.3-18446744073709551617	1.2.3-10000000000000000000000000000000000000000000000000000000000000000000000000000000000000000000000000000000000000000000000000000000000000000000000000000000000000000000000000000000000000000000000000000001	true
=1.2.3-10000000000000000000000000000000000000000000000000000000000000000000000000000000000000000000000000000000000000000000000000000000000000000000000000000000000000000000000000000000000000000000000000000000	1.2.3-9007199254740990	false
<1.2.3-10000000000000000000000000000000000000000000000000000000000000000000000000000000000000000000000000000000000000000000000000000000000000000000000000000000000000000000000000000000000000000000000000000000	1.2.3-9007199254740990	true
<=1.2.3-10000000000000000000000000000000000000000000000000000000000000000000000000000000000000000000000000000000000000000000000000000000000000000000000000000000000000000000000000000000000000000000000000000000	1.2.3-9007199254740990	true
>1.2.3-10000000000000000000000000000000000000000000000000000000000000000000000000000000000000000000000000000000000000000000000000000000000000000000000000000000000000000000000000000000000000000000000000000000	1.2.3-9007199254740990	false
>=1.2.3-10000000000000000000000000000000000000000000000000000000000000000000000000000000000000000000000000000000000000000000000000000000000000000000000000000000000000000000000000000000000000000000000000000000	1.2.3-9007199254740990	false
=1.2.3-10000000000000000000000000000000000000000000000000000000000000000000000000000000000000000000000000000000000000000000000000000000000000000000000000000000000000000000000000000000000000000000000000000000	1.2.3-9007199254740991	false
<1.2.3-10000000000000000000000000000000000000000000000000000000000000000000000000000000000000000000000000000000000000000000000000000000000000000000000000000000000000000000000000000000000000000000000000000000	1.2.3-9007199254740991	true
<=1.2.3-10000000000000000000000000000000000000000000000000000000000000000000000000000000000000000000000000000000000000000000000000000000000000000000000000000000000000000000000000000000000000000000000000000000	1.2.3-9007199254740991	true
>1.2.3-10000000000000000000000000000000000000000000000000000000000000000000000000000000000000000000000000000000000000000000000000000000000000000000000000000000000000000000000000000000000000000000000000000000	1.2.3-9007199254740991	false
>=1.2.3-10000000000000000000000000000000000000000000000000000000000000000000000000000000000000000000000000000000000000000000000000000000000000000000000000000000000000000000000000000000000000000000000000000000	1.2.3-9007199254740991	false
=1.2.3-10000000000000000000000000000000000000000000000000000000000000000000000000000000000000000000000000000000000000000000000000000000000000000000000000000000000000000000000000000000000000000000000000000000	1.2.3-9007199254740992	false
<1.2.3-10000000000000000000000000000000000000000000000000000000000000000000000000000000000000000000000000000000000000000000000000000000000000000000000000000000000000000000000000000000000000000000000000000000	1.2.3-9007199254740992	true
<=1.2.3-10000000000000000000000000000000000000000000000000000000000000000000000000000000000000000000000000000000000000000000000000000000000000000000000000000000000000000000000000000000000000000000000000000000	1.2.3-9007199254740992	true
>1.2.3-10000000000000000000000000000000000000000000000000000000000000000000000000000000000000000000000000000000000000000000000000000000000000000000000000000000000000000000000000000000000000000000000000000000	1.2.3-9007199254740992	false
>=1.2.3-10000000000000000000000000000000000000000000000000000000000000000000000000000000000000000000000000000000000000000000000000000000000000000000000000000000000000000000000000000000000000000000000000000000	1.2.3-9007199254740992	false
=1.2.3-10000000000000000000000000000000000000000000000000000000000000000000000000000000000000000000000000000000000000000000000000000000000000000000000000000000000000000000000000000000000000000000000000000000	1.2.3-9007199254740993	false
<1.2.3-10000000000000000000000000000000000000000000000000000000000000000000000000000000000000000000000000000000000000000000000000000000000000000000000000000000000000000000000000000000000000000000000000000000	1.2.3-9007199254740993	true
<=1.2.3-10000000000000000000000000000000000000000000000000000000000000000000000000000000000000000000000000000000000000000000000000000000000000000000000000000000000000000000000000000000000000000000000000000000	1.2.3-9007199254740993	true
>1.2.3-10000000000000000000000000000000000000000000000000000000000000000000000000000000000000000000000000000000000000000000000000000000000000000000000000000000000000000000000000000000000000000000000000000000	1.2.3-9007199254740993	false
>=1.2.3-10000000000000000000000000000000000000000000000000000000000000000000000000000000000000000000000000000000000000000000000000000000000000000000000000000000000000000000000000000000000000000000000000000000	1.2.3-9007199254740993	false
=1.2.3-10000000000000000000000000000000000000000000000000000000000000000000000000000000000000000000000000000000000000000000000000000000000000000000000000000000000000000000000000000000000000000000000000000000	1.2.3-18446744073709551616	false
<1.2.3-10000000000000000000000000000000000000000000000000000000000000000000000000000000000000000000000000000000000000000000000000000000000000000000000000000000000000000000000000000000000000000000000000000000	1.2.3-18446744073709551616	true
<=1.2.3-10000000000000000000000000000000000000000000000000000000000000000000000000000000000000000000000000000000000000000000000000000000000000000000000000000000000000000000000000000000000000000000000000000000	1.2.3-18446744073709551616	true
>1.2.3-10000000000000000000000000000000000000000000000000000000000000000000000000000000000000000000000000000000000000000000000000000000000000000000000000000000000000000000000000000000000000000000000000000000	1.2.3-18446744073709551616	false
>=1.2.3-10000000000000000000000000000000000000000000000000000000000000000000000000000000000000000000000000000000000000000000000000000000000000000000000000000000000000000000000000000000000000000000000000000000	1.2.3-18446744073709551616	false
=1.2.3-10000000000000000000000000000000000000000000000000000000000000000000000000000000000000000000000000000000000000000000000000000000000000000000000000000000000000000000000000000000000000000000000000000000	1.2.3-18446744073709551617	false
<1.2.3-10000000000000000000000000000000000000000000000000000000000000000000000000000000000000000000000000000000000000000000000000000000000000000000000000000000000000000000000000000000000000000000000000000000	1.2.3-18446744073709551617	true
<=1.2.3-10000000000000000000000000000000000000000000000000000000000000000000000000000000000000000000000000000000000000000000000000000000000000000000000000000000000000000000000000000000000000000000000000000000	1.2.3-18446744073709551617	true
>1.2.3-10000000000000000000000000000000000000000000000000000000000000000000000000000000000000000000000000000000000000000000000000000000000000000000000000000000000000000000000000000000000000000000000000000000	1.2.3-18446744073709551617	false
>=1.2.3-10000000000000000000000000000000000000000000000000000000000000000000000000000000000000000000000000000000000000000000000000000000000000000000000000000000000000000000000000000000000000000000000000000000	1.2.3-18446744073709551617	false
=1.2.3-10000000000000000000000000000000000000000000000000000000000000000000000000000000000000000000000000000000000000000000000000000000000000000000000000000000000000000000000000000000000000000000000000000000	1.2.3-10000000000000000000000000000000000000000000000000000000000000000000000000000000000000000000000000000000000000000000000000000000000000000000000000000000000000000000000000000000000000000000000000000000	true
<1.2.3-10000000000000000000000000000000000000000000000000000000000000000000000000000000000000000000000000000000000000000000000000000000000000000000000000000000000000000000000000000000000000000000000000000000	1.2.3-10000000000000000000000000000000000000000000000000000000000000000000000000000000000000000000000000000000000000000000000000000000000000000000000000000000000000000000000000000000000000000000000000000000	false
<=1.2.3-10000000000000000000000000000000000000000000000000000000000000000000000000000000000000000000000000000000000000000000000000000000000000000000000000000000000000000000000000000000000000000000000000000000	1.2.3-10000000000000000000000000000000000000000000000000000000000000000000000000000000000000000000000000000000000000000000000000000000000000000000000000000000000000000000000000000000000000000000000000000000	true
>1.2.3-10000000000000000000000000000000000000000000000000000000000000000000000000000000000000000000000000000000000000000000000000000000000000000000000000000000000000000000000000000000000000000000000000000000	1.2.3-10000000000000000000000000000000000000000000000000000000000000000000000000000000000000000000000000000000000000000000000000000000000000000000000000000000000000000000000000000000000000000000000000000000	false
>=1.2.3-10000000000000000000000000000000000000000000000000000000000000000000000000000000000000000000000000000000000000000000000000000000000000000000000000000000000000000000000000000000000000000000000000000000	1.2.3-10000000000000000000000000000000000000000000000000000000000000000000000000000000000000000000000000000000000000000000000000000000000000000000000000000000000000000000000000000000000000000000000000000000	true
=1.2.3-10000000000000000000000000000000000000000000000000000000000000000000000000000000000000000000000000000000000000000000000000000000000000000000000000000000000000000000000000000000000000000000000000000000	1.2.3-10000000000000000000000000000000000000000000000000000000000000000000000000000000000000000000000000000000000000000000000000000000000000000000000000000000000000000000000000000000000000000000000000000001	true
<1.2.3-10000000000000000000000000000000000000000000000000000000000000000000000000000000000000000000000000000000000000000000000000000000000000000000000000000000000000000000000000000000000000000000000000000000	1.2.3-10000000000000000000000000000000000000000000000000000000000000000000000000000000000000000000000000000000000000000000000000000000000000000000000000000000000000000000000000000000000000000000000000000001	false
<=1.2.3-10000000000000000000000000000000000000000000000000000000000000000000000000000000000000000000000000000000000000000000000000000000000000000000000000000000000000000000000000000000000000000000000000000000	1.2.3-10000000000000000000000000000000000000000000000000000000000000000000000000000000000000000000000000000000000000000000000000000000000000000000000000000000000000000000000000000000000000000000000000000001	true
>1.2.3-10000000000000000000000000000000000000000000000000000000000000000000000000000000000000000000000000000000000000000000000000000000000000000000000000000000000000000000000000000000000000000000000000000000	1.2.3-10000000000000000000000000000000000000000000000000000000000000000000000000000000000000000000000000000000000000000000000000000000000000000000000000000000000000000000000000000000000000000000000000000001	false
>=1.2.3-10000000000000000000000000000000000000000000000000000000000000000000000000000000000000000000000000000000000000000000000000000000000000000000000000000000000000000000000000000000000000000000000000000000	1.2.3-10000000000000000000000000000000000000000000000000000000000000000000000000000000000000000000000000000000000000000000000000000000000000000000000000000000000000000000000000000000000000000000000000000001	true
=1.2.3-10000000000000000000000000000000000000000000000000000000000000000000000000000000000000000000000000000000000000000000000000000000000000000000000000000000000000000000000000000000000000000000000000000001	1.2.3-9007199254740990	false
<1.2.3-10000000000000000000000000000000000000000000000000000000000000000000000000000000000000000000000000000000000000000000000000000000000000000000000000000000000000000000000000000000000000000000000000000001	1.2.3-9007199254740990	true
<=1.2.3-10000000000000000000000000000000000000000000000000000000000000000000000000000000000000000000000000000000000000000000000000000000000000000000000000000000000000000000000000000000000000000000000000000001	1.2.3-9007199254740990	true
>1.2.3-10000000000000000000000000000000000000000000000000000000000000000000000000000000000000000000000000000000000000000000000000000000000000000000000000000000000000000000000000000000000000000000000000000001	1.2.3-9007199254740990	false
>=1.2.3-10000000000000000000000000000000000000000000000000000000000000000000000000000000000000000000000000000000000000000000000000000000000000000000000000000000000000000000000000000000000000000000000000000001	1.2.3-9007199254740990	false
=1.2.3-10000000000000000000000000000000000000000000000000000000000000000000000000000000000000000000000000000000000000000000000000000000000000000000000000000000000000000000000000000000000000000000000000000001	1.2.3-9007199254740991	false
<1.2.3-10000000000000000000000000000000000000000000000000000000000000000000000000000000000000000000000000000000000000000000000000000000000000000000000000000000000000000000000000000000000000000000000000000001	1.2.3-9007199254740991	true
<=1.2.3-10000000000000000000000000000000000000000000000000000000000000000000000000000000000000000000000000000000000000000000000000000000000000000000000000000000000000000000000000000000000000000000000000000001	1.2.3-9007199254740991	true
>1.2.3-10000000000000000000000000000000000000000000000000000000000000000000000000000000000000000000000000000000000000000000000000000000000000000000000000000000000000000000000000000000000000000000000000000001	1.2.3-9007199254740991	false
>=1.2.3-10000000000000000000000000000000000000000000000000000000000000000000000000000000000000000000000000000000000000000000000000000000000000000000000000000000000000000000000000000000000000000000000000000001	1.2.3-9007199254740991	false
=1.2.3-10000000000000000000000000000000000000000000000000000000000000000000000000000000000000000000000000000000000000000000000000000000000000000000000000000000000000000000000000000000000000000000000000000001	1.2.3-9007199254740992	false
<1.2.3-10000000000000000000000000000000000000000000000000000000000000000000000000000000000000000000000000000000000000000000000000000000000000000000000000000000000000000000000000000000000000000000000000000001	1.2.3-9007199254740992	true
<=1.2.3-10000000000000000000000000000000000000000000000000000000000000000000000000000000000000000000000000000000000000000000000000000000000000000000000000000000000000000000000000000000000000000000000000000001	1.2.3-9007199254740992	true
>1.2.3-10000000000000000000000000000000000000000000000000000000000000000000000000000000000000000000000000000000000000000000000000000000000000000000000000000000000000000000000000000000000000000000000000000001	1.2.3-9007199254740992	false
>=1.2.3-10000000000000000000000000000000000000000000000000000000000000000000000000000000000000000000000000000000000000000000000000000000000000000000000000000000000000000000000000000000000000000000000000000001	1.2.3-9007199254740992	false
=1.2.3-10000000000000000000000000000000000000000000000000000000000000000000000000000000000000000000000000000000000000000000000000000000000000000000000000000000000000000000000000000000000000000000000000000001	1.2.3-9007199254740993	false
<1.2.3-10000000000000000000000000000000000000000000000000000000000000000000000000000000000000000000000000000000000000000000000000000000000000000000000000000000000000000000000000000000000000000000000000000001	1.2.3-9007199254740993	true
<=1.2.3-10000000000000000000000000000000000000000000000000000000000000000000000000000000000000000000000000000000000000000000000000000000000000000000000000000000000000000000000000000000000000000000000000000001	1.2.3-9007199254740993	true
>1.2.3-10000000000000000000000000000000000000000000000000000000000000000000000000000000000000000000000000000000000000000000000000000000000000000000000000000000000000000000000000000000000000000000000000000001	1.2.3-9007199254740993	false
>=1.2.3-10000000000000000000000000000000000000000000000000000000000000000000000000000000000000000000000000000000000000000000000000000000000000000000000000000000000000000000000000000000000000000000000000000001	1.2.3-9007199254740993	false
=1.2.3-10000000000000000000000000000000000000000000000000000000000000000000000000000000000000000000000000000000000000000000000000000000000000000000000000000000000000000000000000000000000000000000000000000001	1.2.3-18446744073709551616	false
<1.2.3-10000000000000000000000000000000000000000000000000000000000000000000000000000000000000000000000000000000000000000000000000000000000000000000000000000000000000000000000000000000000000000000000000000001	1.2.3-18446744073709551616	true
<=1.2.3-10000000000000000000000000000000000000000000000000000000000000000000000000000000000000000000000000000000000000000000000000000000000000000000000000000000000000000000000000000000000000000000000000000001	1.2.3-18446744073709551616	true
>1.2.3-10000000000000000000000000000000000000000000000000000000000000000000000000000000000000000000000000000000000000000000000000000000000000000000000000000000000000000000000000000000000000000000000000000001	1.2.3-18446744073709551616	false
>=1.2.3-10000000000000000000000000000000000000000000000000000000000000000000000000000000000000000000000000000000000000000000000000000000000000000000000000000000000000000000000000000000000000000000000000000001	1.2.3-18446744073709551616	false
=1.2.3-10000000000000000000000000000000000000000000000000000000000000000000000000000000000000000000000000000000000000000000000000000000000000000000000000000000000000000000000000000000000000000000000000000001	1.2.3-18446744073709551617	false
<1.2.3-10000000000000000000000000000000000000000000000000000000000000000000000000000000000000000000000000000000000000000000000000000000000000000000000000000000000000000000000000000000000000000000000000000001	1.2.3-18446744073709551617	true
<=1.2.3-10000000000000000000000000000000000000000000000000000000000000000000000000000000000000000000000000000000000000000000000000000000000000000000000000000000000000000000000000000000000000000000000000000001	1.2.3-18446744073709551617	true
>1.2.3-10000000000000000000000000000000000000000000000000000000000000000000000000000000000000000000000000000000000000000000000000000000000000000000000000000000000000000000000000000000000000000000000000000001	1.2.3-18446744073709551617	false
>=1.2.3-10000000000000000000000000000000000000000000000000000000000000000000000000000000000000000000000000000000000000000000000000000000000000000000000000000000000000000000000000000000000000000000000000000001	1.2.3-18446744073709551617	false
=1.2.3-10000000000000000000000000000000000000000000000000000000000000000000000000000000000000000000000000000000000000000000000000000000000000000000000000000000000000000000000000000000000000000000000000000001	1.2.3-10000000000000000000000000000000000000000000000000000000000000000000000000000000000000000000000000000000000000000000000000000000000000000000000000000000000000000000000000000000000000000000000000000000	true
<1.2.3-10000000000000000000000000000000000000000000000000000000000000000000000000000000000000000000000000000000000000000000000000000000000000000000000000000000000000000000000000000000000000000000000000000001	1.2.3-10000000000000000000000000000000000000000000000000000000000000000000000000000000000000000000000000000000000000000000000000000000000000000000000000000000000000000000000000000000000000000000000000000000	false
<=1.2.3-10000000000000000000000000000000000000000000000000000000000000000000000000000000000000000000000000000000000000000000000000000000000000000000000000000000000000000000000000000000000000000000000000000001	1.2.3-10000000000000000000000000000000000000000000000000000000000000000000000000000000000000000000000000000000000000000000000000000000000000000000000000000000000000000000000000000000000000000000000000000000	true
>1.2.3-10000000000000000000000000000000000000000000000000000000000000000000000000000000000000000000000000000000000000000000000000000000000000000000000000000000000000000000000000000000000000000000000000000001	1.2.3-10000000000000000000000000000000000000000000000000000000000000000000000000000000000000000000000000000000000000000000000000000000000000000000000000000000000000000000000000000000000000000000000000000000	false
>=1.2.3-10000000000000000000000000000000000000000000000000000000000000000000000000000000000000000000000000000000000000000000000000000000000000000000000000000000000000000000000000000000000000000000000000000001	1.2.3-10000000000000000000000000000000000000000000000000000000000000000000000000000000000000000000000000000000000000000000000000000000000000000000000000000000000000000000000000000000000000000000000000000000	true
=1.2.3-10000000000000000000000000000000000000000000000000000000000000000000000000000000000000000000000000000000000000000000000000000000000000000000000000000000000000000000000000000000000000000000000000000001	1.2.3-10000000000000000000000000000000000000000000000000000000000000000000000000000000000000000000000000000000000000000000000000000000000000000000000000000000000000000000000000000000000000000000000000000001	true
<1.2.3-10000000000000000000000000000000000000000000000000000000000000000000000000000000000000000000000000000000000000000000000000000000000000000000000000000000000000000000000000000000000000000000000000000001	1.2.3-10000000000000000000000000000000000000000000000000000000000000000000000000000000000000000000000000000000000000000000000000000000000000000000000000000000000000000000000000000000000000000000000000000001	false
<=1.2.3-10000000000000000000000000000000000000000000000000000000000000000000000000000000000000000000000000000000000000000000000000000000000000000000000000000000000000000000000000000000000000000000000000000001	1.2.3-10000000000000000000000000000000000000000000000000000000000000000000000000000000000000000000000000000000000000000000000000000000000000000000000000000000000000000000000000000000000000000000000000000001	true
>1.2.3-10000000000000000000000000000000000000000000000000000000000000000000000000000000000000000000000000000000000000000000000000000000000000000000000000000000000000000000000000000000000000000000000000000001	1.2.3-10000000000000000000000000000000000000000000000000000000000000000000000000000000000000000000000000000000000000000000000000000000000000000000000000000000000000000000000000000000000000000000000000000001	false
>=1.2.3-10000000000000000000000000000000000000000000000000000000000000000000000000000000000000000000000000000000000000000000000000000000000000000000000000000000000000000000000000000000000000000000000000000001	1.2.3-10000000000000000000000000000000000000000000000000000000000000000000000000000000000000000000000000000000000000000000000000000000000000000000000000000000000000000000000000000000000000000000000000000001	true
>1.2.3-x.9007199254740992	1.2.3-x.9007199254740993	false
<1.2.3-9007199254740992	1.2.3-9007199254740992a	false
1.2+b	1.2.3	true
1.2+b	1.2.3-rc	false
1.2+b	2.0.0	false
1.2+b	3.1.0	false
+b	1.2.3	true
+b	1.2.3-rc	false
+b	2.0.0	true
+b	3.1.0	true
^1+b.2.3	1.2.3	true
^1+b.2.3	1.2.3-rc	false
^1+b.2.3	2.0.0	false
^1+b.2.3	3.1.0	false
>+b=1.2	1.2.3	true
>+b=1.2	1.2.3-rc	false
>+b=1.2	2.0.0	true
>+b=1.2	3.1.0	true
1.2.3+b.-.c	1.2.3	true
1.2.3+b.-.c	1.2.3-rc	false
1.2.3+b.-.c	2.0.0	false
1.2.3+b.-.c	3.1.0	false
1.2.3+b..c	-	invalid
1.2.3+b..c	-	invalid
1.2.3+b..c	-	invalid
1.2.3+b..c	-	invalid
1.2.3+b.	-	invalid
1.2.3+b.	-	invalid
1.2.3+b.	-	invalid
1.2.3+b.	-	invalid
1.2.3++b	-	invalid
1.2.3++b	-	invalid
1.2.3++b	-	invalid
1.2.3++b	-	invalid
1.2.3-rc+b - 2+c	1.2.3	true
1.2.3-rc+b - 2+c	1.2.3-rc	true
1.2.3-rc+b - 2+c	2.0.0	true
1.2.3-rc+b - 2+c	3.1.0	false
~1.2+b || 3	1.2.3	true
~1.2+b || 3	1.2.3-rc	false
~1.2+b || 3	2.0.0	false
~1.2+b || 3	3.1.0	true
1.2.3+bbbbbbbbbbbbbbbbbbbbbbbbbbbbbbbbbbbbbbbbbbbbbbbbbbbbbbbbbbbbbbbbbbbbbbbbbbbbbbbbbbbbbbbbbbbbbbbbbbbbbbbbbbbbbbbbbbbbbbbbbbbbbbbbbbbbbbbbbbbbbbbbbbbbbbbbbbbbbbbbbbbbbbbbbbbbbbbbbbbbbbbbbbbbbbbbbbbbbbbbbbbbbbbbbbbbbbbbbbbbbbbbbbbbbbbbbbbbbbbbbbbbbbbbbbbbbbbbbbbbbbbbbbbbbbbbbbbbbbbbbbbbbbbbbbbbbbbbbbbbbbbbbbbbbbbbbbbbbbbbbbbbbbbbbbbbbbbbbbbbbbbbbbbbbbbbbbbbbbbbbbbbbbbbbbbbbbbbbbbbbbbbbbbbbbbbbbbbbbbb	1.2.3	true
1.2.3+bbbbbbbbbbbbbbbbbbbbbbbbbbbbbbbbbbbbbbbbbbbbbbbbbbbbbbbbbbbbbbbbbbbbbbbbbbbbbbbbbbbbbbbbbbbbbbbbbbbbbbbbbbbbbbbbbbbbbbbbbbbbbbbbbbbbbbbbbbbbbbbbbbbbbbbbbbbbbbbbbbbbbbbbbbbbbbbbbbbbbbbbbbbbbbbbbbbbbbbbbbbbbbbbbbbbbbbbbbbbbbbbbbbbbbbbbbbbbbbbbbbbbbbbbbbbbbbbbbbbbbbbbbbbbbbbbbbbbbbbbbbbbbbbbbbbbbbbbbbbbbbbbbbbbbbbbbbbbbbbbbbbbbbbbbbbbbbbbbbbbbbbbbbbbbbbbbbbbbbbbbbbbbbbbbbbbbbbbbbbbbbbbbbbbbbbbbbbbbbb	1.2.3-rc	false
1.2.3+bbbbbbbbbbbbbbbbbbbbbbbbbbbbbbbbbbbbbbbbbbbbbbbbbbbbbbbbbbbbbbbbbbbbbbbbbbbbbbbbbbbbbbbbbbbbbbbbbbbbbbbbbbbbbbbbbbbbbbbbbbbbbbbbbbbbbbbbbbbbbbbbbbbbbbbbbbbbbbbbbbbbbbbbbbbbbbbbbbbbbbbbbbbbbbbbbbbbbbbbbbbbbbbbbbbbbbbbbbbbbbbbbbbbbbbbbbbbbbbbbbbbbbbbbbbbbbbbbbbbbbbbbbbbbbbbbbbbbbbbbbbbbbbbbbbbbbbbbbbbbbbbbbbbbbbbbbbbbbbbbbbbbbbbbbbbbbbbbbbbbbbbbbbbbbbbbbbbbbbbbbbbbbbbbbbbbbbbbbbbbbbbbbbbbbbbbbbbbbbb	2.0.0	false
1.2.3+bbbbbbbbbbbbbbbbbbbbbbbbbbbbbbbbbbbbbbbbbbbbbbbbbbbbbbbbbbbbbbbbbbbbbbbbbbbbbbbbbbbbbbbbbbbbbbbbbbbbbbbbbbbbbbbbbbbbbbbbbbbbbbbbbbbbbbbbbbbbbbbbbbbbbbbbbbbbbbbbbbbbbbbbbbbbbbbbbbbbbbbbbbbbbbbbbbbbbbbbbbbbbbbbbbbbbbbbbbbbbbbbbbbbbbbbbbbbbbbbbbbbbbbbbbbbbbbbbbbbbbbbbbbbbbbbbbbbbbbbbbbbbbbbbbbbbbbbbbbbbbbbbbbbbbbbbbbbbbbbbbbbbbbbbbbbbbbbbbbbbbbbbbbbbbbbbbbbbbbbbbbbbbbbbbbbbbbbbbbbbbbbbbbbbbbbbbbbbbbb	3.1.0	false
1.2.x+bbbbbbbbbbbbbbbbbbbbbbbbbbbbbbbbbbbbbbbbbbbbbbbbbbbbbbbbbbbbbbbbbbbbbbbbbbbbbbbbbbbbbbbbbbbbbbbbbbbbbbbbbbbbbbbbbbbbbbbbbbbbbbbbbbbbbbbbbbbbbbbbbbbbbbbbbbbbbbbbbbbbbbbbbbbbbbbbbbbbbbbbbbbbbbbbbbbbbbbbbbbbbbbbbbbbbbbbbbbbbbbbbbbbbbbbbbbbbbbbbbbbbbbbbbbbbbbbbbbbbbbbbbbbbbbbbbbbbbbbbbbbbbbbbbbbbbbbbbbbbbbbbbbbbbbbbbbbbbbbbbbbbbbbbbbbbbbbbbbbbbbbbbbbbbbbbbbbbbbbbbbbbbbbbbbbbbbbbbbbbbbbbbbbbbbbbbbbbbbb	1.2.3	true
1.2.x+bbbbbbbbbbbbbbbbbbbbbbbbbbbbbbbbbbbbbbbbbbbbbbbbbbbbbbbbbbbbbbbbbbbbbbbbbbbbbbbbbbbbbbbbbbbbbbbbbbbbbbbbbbbbbbbbbbbbbbbbbbbbbbbbbbbbbbbbbbbbbbbbbbbbbbbbbbbbbbbbbbbbbbbbbbbbbbbbbbbbbbbbbbbbbbbbbbbbbbbbbbbbbbbbbbbbbbbbbbbbbbbbbbbbbbbbbbbbbbbbbbbbbbbbbbbbbbbbbbbbbbbbbbbbbbbbbbbbbbbbbbbbbbbbbbbbbbbbbbbbbbbbbbbbbbbbbbbbbbbbbbbbbbbbbbbbbbbbbbbbbbbbbbbbbbbbbbbbbbbbbbbbbbbbbbbbbbbbbbbbbbbbbbbbbbbbbbbbbbbb	1.2.3-rc	false
1.2.x+bbbbbbbbbbbbbbbbbbbbbbbbbbbbbbbbbbbbbbbbbbbbbbbbbbbbbbbbbbbbbbbbbbbbbbbbbbbbbbbbbbbbbbbbbbbbbbbbbbbbbbbbbbbbbbbbbbbbbbbbbbbbbbbbbbbbbbbbbbbbbbbbbbbbbbbbbbbbbbbbbbbbbbbbbbbbbbbbbbbbbbbbbbbbbbbbbbbbbbbbbbbbbbbbbbbbbbbbbbbbbbbbbbbbbbbbbbbbbbbbbbbbbbbbbbbbbbbbbbbbbbbbbbbbbbbbbbbbbbbbbbbbbbbbbbbbbbbbbbbbbbbbbbbbbbbbbbbbbbbbbbbbbbbbbbbbbbbbbbbbbbbbbbbbbbbbbbbbbbbbbbbbbbbbbbbbbbbbbbbbbbbbbbbbbbbbbbbbbbbb	2.0.0	false
1.2.x+bbbbbbbbbbbbbbbbbbbbbbbbbbbbbbbbbbbbbbbbbbbbbbbbbbbbbbbbbbbbbbbbbbbbbbbbbbbbbbbbbbbbbbbbbbbbbbbbbbbbbbbbbbbbbbbbbbbbbbbbbbbbbbbbbbbbbbbbbbbbbbbbbbbbbbbbbbbbbbbbbbbbbbbbbbbbbbbbbbbbbbbbbbbbbbbbbbbbbbbbbbbbbbbbbbbbbbbbbbbbbbbbbbbbbbbbbbbbbbbbbbbbbbbbbbbbbbbbbbbbbbbbbbbbbbbbbbbbbbbbbbbbbbbbbbbbbbbbbbbbbbbbbbbbbbbbbbbbbbbbbbbbbbbbbbbbbbbbbbbbbbbbbbbbbbbbbbbbbbbbbbbbbbbbbbbbbbbbbbbbbbbbbbbbbbbbbbbbbbbb	3.1.0	false
